sample_id	source	group	host_plant	geo	fq1	fq2
AQ_R_10	lab	AQ_R	rice	AQ	/mnt/inaisfs/home/wangyunsheng/wangyunsheng/work/chilo/reseq/fq/lab_seq/AQ_R_10_1.fq.gz	/mnt/inaisfs/home/wangyunsheng/wangyunsheng/work/chilo/reseq/fq/lab_seq/AQ_R_10_2.fq.gz
AQ_R_11	lab	AQ_R	rice	AQ	/mnt/inaisfs/home/wangyunsheng/wangyunsheng/work/chilo/reseq/fq/lab_seq/AQ_R_11_1.fq.gz	/mnt/inaisfs/home/wangyunsheng/wangyunsheng/work/chilo/reseq/fq/lab_seq/AQ_R_11_2.fq.gz
AQ_R_1	lab	AQ_R	rice	AQ	/mnt/inaisfs/home/wangyunsheng/wangyunsheng/work/chilo/reseq/fq/lab_seq/AQ_R_1_1.fq.gz	/mnt/inaisfs/home/wangyunsheng/wangyunsheng/work/chilo/reseq/fq/lab_seq/AQ_R_1_2.fq.gz
AQ_R_12	lab	AQ_R	rice	AQ	/mnt/inaisfs/home/wangyunsheng/wangyunsheng/work/chilo/reseq/fq/lab_seq/AQ_R_12_1.fq.gz	/mnt/inaisfs/home/wangyunsheng/wangyunsheng/work/chilo/reseq/fq/lab_seq/AQ_R_12_2.fq.gz
AQ_R_13	lab	AQ_R	rice	AQ	/mnt/inaisfs/home/wangyunsheng/wangyunsheng/work/chilo/reseq/fq/lab_seq/AQ_R_13_1.fq.gz	/mnt/inaisfs/home/wangyunsheng/wangyunsheng/work/chilo/reseq/fq/lab_seq/AQ_R_13_2.fq.gz
AQ_R_14	lab	AQ_R	rice	AQ	/mnt/inaisfs/home/wangyunsheng/wangyunsheng/work/chilo/reseq/fq/lab_seq/AQ_R_14_1.fq.gz	/mnt/inaisfs/home/wangyunsheng/wangyunsheng/work/chilo/reseq/fq/lab_seq/AQ_R_14_2.fq.gz
AQ_R_15	lab	AQ_R	rice	AQ	/mnt/inaisfs/home/wangyunsheng/wangyunsheng/work/chilo/reseq/fq/lab_seq/AQ_R_15_1.fq.gz	/mnt/inaisfs/home/wangyunsheng/wangyunsheng/work/chilo/reseq/fq/lab_seq/AQ_R_15_2.fq.gz
AQ_R_2	lab	AQ_R	rice	AQ	/mnt/inaisfs/home/wangyunsheng/wangyunsheng/work/chilo/reseq/fq/lab_seq/AQ_R_2_1.fq.gz	/mnt/inaisfs/home/wangyunsheng/wangyunsheng/work/chilo/reseq/fq/lab_seq/AQ_R_2_2.fq.gz
AQ_R_3	lab	AQ_R	rice	AQ	/mnt/inaisfs/home/wangyunsheng/wangyunsheng/work/chilo/reseq/fq/lab_seq/AQ_R_3_1.fq.gz	/mnt/inaisfs/home/wangyunsheng/wangyunsheng/work/chilo/reseq/fq/lab_seq/AQ_R_3_2.fq.gz
AQ_R_4	lab	AQ_R	rice	AQ	/mnt/inaisfs/home/wangyunsheng/wangyunsheng/work/chilo/reseq/fq/lab_seq/AQ_R_4_1.fq.gz	/mnt/inaisfs/home/wangyunsheng/wangyunsheng/work/chilo/reseq/fq/lab_seq/AQ_R_4_2.fq.gz
AQ_R_5	lab	AQ_R	rice	AQ	/mnt/inaisfs/home/wangyunsheng/wangyunsheng/work/chilo/reseq/fq/lab_seq/AQ_R_5_1.fq.gz	/mnt/inaisfs/home/wangyunsheng/wangyunsheng/work/chilo/reseq/fq/lab_seq/AQ_R_5_2.fq.gz
AQ_R_6	lab	AQ_R	rice	AQ	/mnt/inaisfs/home/wangyunsheng/wangyunsheng/work/chilo/reseq/fq/lab_seq/AQ_R_6_1.fq.gz	/mnt/inaisfs/home/wangyunsheng/wangyunsheng/work/chilo/reseq/fq/lab_seq/AQ_R_6_2.fq.gz
AQ_R_7	lab	AQ_R	rice	AQ	/mnt/inaisfs/home/wangyunsheng/wangyunsheng/work/chilo/reseq/fq/lab_seq/AQ_R_7_1.fq.gz	/mnt/inaisfs/home/wangyunsheng/wangyunsheng/work/chilo/reseq/fq/lab_seq/AQ_R_7_2.fq.gz
AQ_R_8	lab	AQ_R	rice	AQ	/mnt/inaisfs/home/wangyunsheng/wangyunsheng/work/chilo/reseq/fq/lab_seq/AQ_R_8_1.fq.gz	/mnt/inaisfs/home/wangyunsheng/wangyunsheng/work/chilo/reseq/fq/lab_seq/AQ_R_8_2.fq.gz
AQ_R_9	lab	AQ_R	rice	AQ	/mnt/inaisfs/home/wangyunsheng/wangyunsheng/work/chilo/reseq/fq/lab_seq/AQ_R_9_1.fq.gz	/mnt/inaisfs/home/wangyunsheng/wangyunsheng/work/chilo/reseq/fq/lab_seq/AQ_R_9_2.fq.gz
AQ_W_10	lab	AQ_W	wateroat	AQ	/mnt/inaisfs/home/wangyunsheng/wangyunsheng/work/chilo/reseq/fq/lab_seq/AQ_W_10_1.fq.gz	/mnt/inaisfs/home/wangyunsheng/wangyunsheng/work/chilo/reseq/fq/lab_seq/AQ_W_10_2.fq.gz
AQ_W_11	lab	AQ_W	wateroat	AQ	/mnt/inaisfs/home/wangyunsheng/wangyunsheng/work/chilo/reseq/fq/lab_seq/AQ_W_11_1.fq.gz	/mnt/inaisfs/home/wangyunsheng/wangyunsheng/work/chilo/reseq/fq/lab_seq/AQ_W_11_2.fq.gz
AQ_W_1	lab	AQ_W	wateroat	AQ	/mnt/inaisfs/home/wangyunsheng/wangyunsheng/work/chilo/reseq/fq/lab_seq/AQ_W_1_1.fq.gz	/mnt/inaisfs/home/wangyunsheng/wangyunsheng/work/chilo/reseq/fq/lab_seq/AQ_W_1_2.fq.gz
AQ_W_12	lab	AQ_W	wateroat	AQ	/mnt/inaisfs/home/wangyunsheng/wangyunsheng/work/chilo/reseq/fq/lab_seq/AQ_W_12_1.fq.gz	/mnt/inaisfs/home/wangyunsheng/wangyunsheng/work/chilo/reseq/fq/lab_seq/AQ_W_12_2.fq.gz
AQ_W_13	lab	AQ_W	wateroat	AQ	/mnt/inaisfs/home/wangyunsheng/wangyunsheng/work/chilo/reseq/fq/lab_seq/AQ_W_13_1.fq.gz	/mnt/inaisfs/home/wangyunsheng/wangyunsheng/work/chilo/reseq/fq/lab_seq/AQ_W_13_2.fq.gz
AQ_W_14	lab	AQ_W	wateroat	AQ	/mnt/inaisfs/home/wangyunsheng/wangyunsheng/work/chilo/reseq/fq/lab_seq/AQ_W_14_1.fq.gz	/mnt/inaisfs/home/wangyunsheng/wangyunsheng/work/chilo/reseq/fq/lab_seq/AQ_W_14_2.fq.gz
AQ_W_15	lab	AQ_W	wateroat	AQ	/mnt/inaisfs/home/wangyunsheng/wangyunsheng/work/chilo/reseq/fq/lab_seq/AQ_W_15_1.fq.gz	/mnt/inaisfs/home/wangyunsheng/wangyunsheng/work/chilo/reseq/fq/lab_seq/AQ_W_15_2.fq.gz
AQ_W_2	lab	AQ_W	wateroat	AQ	/mnt/inaisfs/home/wangyunsheng/wangyunsheng/work/chilo/reseq/fq/lab_seq/AQ_W_2_1.fq.gz	/mnt/inaisfs/home/wangyunsheng/wangyunsheng/work/chilo/reseq/fq/lab_seq/AQ_W_2_2.fq.gz
AQ_W_3	lab	AQ_W	wateroat	AQ	/mnt/inaisfs/home/wangyunsheng/wangyunsheng/work/chilo/reseq/fq/lab_seq/AQ_W_3_1.fq.gz	/mnt/inaisfs/home/wangyunsheng/wangyunsheng/work/chilo/reseq/fq/lab_seq/AQ_W_3_2.fq.gz
AQ_W_4	lab	AQ_W	wateroat	AQ	/mnt/inaisfs/home/wangyunsheng/wangyunsheng/work/chilo/reseq/fq/lab_seq/AQ_W_4_1.fq.gz	/mnt/inaisfs/home/wangyunsheng/wangyunsheng/work/chilo/reseq/fq/lab_seq/AQ_W_4_2.fq.gz
AQ_W_5	lab	AQ_W	wateroat	AQ	/mnt/inaisfs/home/wangyunsheng/wangyunsheng/work/chilo/reseq/fq/lab_seq/AQ_W_5_1.fq.gz	/mnt/inaisfs/home/wangyunsheng/wangyunsheng/work/chilo/reseq/fq/lab_seq/AQ_W_5_2.fq.gz
AQ_W_6	lab	AQ_W	wateroat	AQ	/mnt/inaisfs/home/wangyunsheng/wangyunsheng/work/chilo/reseq/fq/lab_seq/AQ_W_6_1.fq.gz	/mnt/inaisfs/home/wangyunsheng/wangyunsheng/work/chilo/reseq/fq/lab_seq/AQ_W_6_2.fq.gz
AQ_W_7	lab	AQ_W	wateroat	AQ	/mnt/inaisfs/home/wangyunsheng/wangyunsheng/work/chilo/reseq/fq/lab_seq/AQ_W_7_1.fq.gz	/mnt/inaisfs/home/wangyunsheng/wangyunsheng/work/chilo/reseq/fq/lab_seq/AQ_W_7_2.fq.gz
AQ_W_8	lab	AQ_W	wateroat	AQ	/mnt/inaisfs/home/wangyunsheng/wangyunsheng/work/chilo/reseq/fq/lab_seq/AQ_W_8_1.fq.gz	/mnt/inaisfs/home/wangyunsheng/wangyunsheng/work/chilo/reseq/fq/lab_seq/AQ_W_8_2.fq.gz
AQ_W_9	lab	AQ_W	wateroat	AQ	/mnt/inaisfs/home/wangyunsheng/wangyunsheng/work/chilo/reseq/fq/lab_seq/AQ_W_9_1.fq.gz	/mnt/inaisfs/home/wangyunsheng/wangyunsheng/work/chilo/reseq/fq/lab_seq/AQ_W_9_2.fq.gz
CD_R_10	lab	CD_R	rice	CD	/mnt/inaisfs/home/wangyunsheng/wangyunsheng/work/chilo/reseq/fq/lab_seq/CD_R_10_1.fq.gz	/mnt/inaisfs/home/wangyunsheng/wangyunsheng/work/chilo/reseq/fq/lab_seq/CD_R_10_2.fq.gz
CD_R_1	lab	CD_R	rice	CD	/mnt/inaisfs/home/wangyunsheng/wangyunsheng/work/chilo/reseq/fq/lab_seq/CD_R_1_1.fq.gz	/mnt/inaisfs/home/wangyunsheng/wangyunsheng/work/chilo/reseq/fq/lab_seq/CD_R_1_2.fq.gz
CD_R_2	lab	CD_R	rice	CD	/mnt/inaisfs/home/wangyunsheng/wangyunsheng/work/chilo/reseq/fq/lab_seq/CD_R_2_1.fq.gz	/mnt/inaisfs/home/wangyunsheng/wangyunsheng/work/chilo/reseq/fq/lab_seq/CD_R_2_2.fq.gz
CD_R_3	lab	CD_R	rice	CD	/mnt/inaisfs/home/wangyunsheng/wangyunsheng/work/chilo/reseq/fq/lab_seq/CD_R_3_1.fq.gz	/mnt/inaisfs/home/wangyunsheng/wangyunsheng/work/chilo/reseq/fq/lab_seq/CD_R_3_2.fq.gz
CD_R_4	lab	CD_R	rice	CD	/mnt/inaisfs/home/wangyunsheng/wangyunsheng/work/chilo/reseq/fq/lab_seq/CD_R_4_1.fq.gz	/mnt/inaisfs/home/wangyunsheng/wangyunsheng/work/chilo/reseq/fq/lab_seq/CD_R_4_2.fq.gz
CD_R_5	lab	CD_R	rice	CD	/mnt/inaisfs/home/wangyunsheng/wangyunsheng/work/chilo/reseq/fq/lab_seq/CD_R_5_1.fq.gz	/mnt/inaisfs/home/wangyunsheng/wangyunsheng/work/chilo/reseq/fq/lab_seq/CD_R_5_2.fq.gz
CD_R_6	lab	CD_R	rice	CD	/mnt/inaisfs/home/wangyunsheng/wangyunsheng/work/chilo/reseq/fq/lab_seq/CD_R_6_1.fq.gz	/mnt/inaisfs/home/wangyunsheng/wangyunsheng/work/chilo/reseq/fq/lab_seq/CD_R_6_2.fq.gz
CD_R_7	lab	CD_R	rice	CD	/mnt/inaisfs/home/wangyunsheng/wangyunsheng/work/chilo/reseq/fq/lab_seq/CD_R_7_1.fq.gz	/mnt/inaisfs/home/wangyunsheng/wangyunsheng/work/chilo/reseq/fq/lab_seq/CD_R_7_2.fq.gz
CD_R_8	lab	CD_R	rice	CD	/mnt/inaisfs/home/wangyunsheng/wangyunsheng/work/chilo/reseq/fq/lab_seq/CD_R_8_1.fq.gz	/mnt/inaisfs/home/wangyunsheng/wangyunsheng/work/chilo/reseq/fq/lab_seq/CD_R_8_2.fq.gz
CD_R_9	lab	CD_R	rice	CD	/mnt/inaisfs/home/wangyunsheng/wangyunsheng/work/chilo/reseq/fq/lab_seq/CD_R_9_1.fq.gz	/mnt/inaisfs/home/wangyunsheng/wangyunsheng/work/chilo/reseq/fq/lab_seq/CD_R_9_2.fq.gz
CD_W_10	lab	CD_W	wateroat	CD	/mnt/inaisfs/home/wangyunsheng/wangyunsheng/work/chilo/reseq/fq/lab_seq/CD_W_10_1.fq.gz	/mnt/inaisfs/home/wangyunsheng/wangyunsheng/work/chilo/reseq/fq/lab_seq/CD_W_10_2.fq.gz
CD_W_1	lab	CD_W	wateroat	CD	/mnt/inaisfs/home/wangyunsheng/wangyunsheng/work/chilo/reseq/fq/lab_seq/CD_W_1_1.fq.gz	/mnt/inaisfs/home/wangyunsheng/wangyunsheng/work/chilo/reseq/fq/lab_seq/CD_W_1_2.fq.gz
CD_W_2	lab	CD_W	wateroat	CD	/mnt/inaisfs/home/wangyunsheng/wangyunsheng/work/chilo/reseq/fq/lab_seq/CD_W_2_1.fq.gz	/mnt/inaisfs/home/wangyunsheng/wangyunsheng/work/chilo/reseq/fq/lab_seq/CD_W_2_2.fq.gz
CD_W_3	lab	CD_W	wateroat	CD	/mnt/inaisfs/home/wangyunsheng/wangyunsheng/work/chilo/reseq/fq/lab_seq/CD_W_3_1.fq.gz	/mnt/inaisfs/home/wangyunsheng/wangyunsheng/work/chilo/reseq/fq/lab_seq/CD_W_3_2.fq.gz
CD_W_4	lab	CD_W	wateroat	CD	/mnt/inaisfs/home/wangyunsheng/wangyunsheng/work/chilo/reseq/fq/lab_seq/CD_W_4_1.fq.gz	/mnt/inaisfs/home/wangyunsheng/wangyunsheng/work/chilo/reseq/fq/lab_seq/CD_W_4_2.fq.gz
CD_W_5	lab	CD_W	wateroat	CD	/mnt/inaisfs/home/wangyunsheng/wangyunsheng/work/chilo/reseq/fq/lab_seq/CD_W_5_1.fq.gz	/mnt/inaisfs/home/wangyunsheng/wangyunsheng/work/chilo/reseq/fq/lab_seq/CD_W_5_2.fq.gz
CD_W_6	lab	CD_W	wateroat	CD	/mnt/inaisfs/home/wangyunsheng/wangyunsheng/work/chilo/reseq/fq/lab_seq/CD_W_6_1.fq.gz	/mnt/inaisfs/home/wangyunsheng/wangyunsheng/work/chilo/reseq/fq/lab_seq/CD_W_6_2.fq.gz
CD_W_7	lab	CD_W	wateroat	CD	/mnt/inaisfs/home/wangyunsheng/wangyunsheng/work/chilo/reseq/fq/lab_seq/CD_W_7_1.fq.gz	/mnt/inaisfs/home/wangyunsheng/wangyunsheng/work/chilo/reseq/fq/lab_seq/CD_W_7_2.fq.gz
CD_W_8	lab	CD_W	wateroat	CD	/mnt/inaisfs/home/wangyunsheng/wangyunsheng/work/chilo/reseq/fq/lab_seq/CD_W_8_1.fq.gz	/mnt/inaisfs/home/wangyunsheng/wangyunsheng/work/chilo/reseq/fq/lab_seq/CD_W_8_2.fq.gz
CD_W_9	lab	CD_W	wateroat	CD	/mnt/inaisfs/home/wangyunsheng/wangyunsheng/work/chilo/reseq/fq/lab_seq/CD_W_9_1.fq.gz	/mnt/inaisfs/home/wangyunsheng/wangyunsheng/work/chilo/reseq/fq/lab_seq/CD_W_9_2.fq.gz
HC23_W_10	lab	HC23_W	wateroat	HC23	/mnt/inaisfs/home/wangyunsheng/wangyunsheng/work/chilo/reseq/fq/lab_seq/HC23_W_10_1.fq.gz	/mnt/inaisfs/home/wangyunsheng/wangyunsheng/work/chilo/reseq/fq/lab_seq/HC23_W_10_2.fq.gz
HC23_W_1	lab	HC23_W	wateroat	HC23	/mnt/inaisfs/home/wangyunsheng/wangyunsheng/work/chilo/reseq/fq/lab_seq/HC23_W_1_1.fq.gz	/mnt/inaisfs/home/wangyunsheng/wangyunsheng/work/chilo/reseq/fq/lab_seq/HC23_W_1_2.fq.gz
HC23_W_2	lab	HC23_W	wateroat	HC23	/mnt/inaisfs/home/wangyunsheng/wangyunsheng/work/chilo/reseq/fq/lab_seq/HC23_W_2_1.fq.gz	/mnt/inaisfs/home/wangyunsheng/wangyunsheng/work/chilo/reseq/fq/lab_seq/HC23_W_2_2.fq.gz
HC23_W_3	lab	HC23_W	wateroat	HC23	/mnt/inaisfs/home/wangyunsheng/wangyunsheng/work/chilo/reseq/fq/lab_seq/HC23_W_3_1.fq.gz	/mnt/inaisfs/home/wangyunsheng/wangyunsheng/work/chilo/reseq/fq/lab_seq/HC23_W_3_2.fq.gz
HC23_W_4	lab	HC23_W	wateroat	HC23	/mnt/inaisfs/home/wangyunsheng/wangyunsheng/work/chilo/reseq/fq/lab_seq/HC23_W_4_1.fq.gz	/mnt/inaisfs/home/wangyunsheng/wangyunsheng/work/chilo/reseq/fq/lab_seq/HC23_W_4_2.fq.gz
HC23_W_5	lab	HC23_W	wateroat	HC23	/mnt/inaisfs/home/wangyunsheng/wangyunsheng/work/chilo/reseq/fq/lab_seq/HC23_W_5_1.fq.gz	/mnt/inaisfs/home/wangyunsheng/wangyunsheng/work/chilo/reseq/fq/lab_seq/HC23_W_5_2.fq.gz
HC23_W_6	lab	HC23_W	wateroat	HC23	/mnt/inaisfs/home/wangyunsheng/wangyunsheng/work/chilo/reseq/fq/lab_seq/HC23_W_6_1.fq.gz	/mnt/inaisfs/home/wangyunsheng/wangyunsheng/work/chilo/reseq/fq/lab_seq/HC23_W_6_2.fq.gz
HC23_W_7	lab	HC23_W	wateroat	HC23	/mnt/inaisfs/home/wangyunsheng/wangyunsheng/work/chilo/reseq/fq/lab_seq/HC23_W_7_1.fq.gz	/mnt/inaisfs/home/wangyunsheng/wangyunsheng/work/chilo/reseq/fq/lab_seq/HC23_W_7_2.fq.gz
HC23_W_8	lab	HC23_W	wateroat	HC23	/mnt/inaisfs/home/wangyunsheng/wangyunsheng/work/chilo/reseq/fq/lab_seq/HC23_W_8_1.fq.gz	/mnt/inaisfs/home/wangyunsheng/wangyunsheng/work/chilo/reseq/fq/lab_seq/HC23_W_8_2.fq.gz
HC23_W_9	lab	HC23_W	wateroat	HC23	/mnt/inaisfs/home/wangyunsheng/wangyunsheng/work/chilo/reseq/fq/lab_seq/HC23_W_9_1.fq.gz	/mnt/inaisfs/home/wangyunsheng/wangyunsheng/work/chilo/reseq/fq/lab_seq/HC23_W_9_2.fq.gz
HC_R_10	lab	HC_R	rice	HC	/mnt/inaisfs/home/wangyunsheng/wangyunsheng/work/chilo/reseq/fq/lab_seq/HC_R_10_1.fq.gz	/mnt/inaisfs/home/wangyunsheng/wangyunsheng/work/chilo/reseq/fq/lab_seq/HC_R_10_2.fq.gz
HC_R_1	lab	HC_R	rice	HC	/mnt/inaisfs/home/wangyunsheng/wangyunsheng/work/chilo/reseq/fq/lab_seq/HC_R_1_1.fq.gz	/mnt/inaisfs/home/wangyunsheng/wangyunsheng/work/chilo/reseq/fq/lab_seq/HC_R_1_2.fq.gz
HC_R_2	lab	HC_R	rice	HC	/mnt/inaisfs/home/wangyunsheng/wangyunsheng/work/chilo/reseq/fq/lab_seq/HC_R_2_1.fq.gz	/mnt/inaisfs/home/wangyunsheng/wangyunsheng/work/chilo/reseq/fq/lab_seq/HC_R_2_2.fq.gz
HC_R_3	lab	HC_R	rice	HC	/mnt/inaisfs/home/wangyunsheng/wangyunsheng/work/chilo/reseq/fq/lab_seq/HC_R_3_1.fq.gz	/mnt/inaisfs/home/wangyunsheng/wangyunsheng/work/chilo/reseq/fq/lab_seq/HC_R_3_2.fq.gz
HC_R_4	lab	HC_R	rice	HC	/mnt/inaisfs/home/wangyunsheng/wangyunsheng/work/chilo/reseq/fq/lab_seq/HC_R_4_1.fq.gz	/mnt/inaisfs/home/wangyunsheng/wangyunsheng/work/chilo/reseq/fq/lab_seq/HC_R_4_2.fq.gz
HC_R_5	lab	HC_R	rice	HC	/mnt/inaisfs/home/wangyunsheng/wangyunsheng/work/chilo/reseq/fq/lab_seq/HC_R_5_1.fq.gz	/mnt/inaisfs/home/wangyunsheng/wangyunsheng/work/chilo/reseq/fq/lab_seq/HC_R_5_2.fq.gz
HC_R_6	lab	HC_R	rice	HC	/mnt/inaisfs/home/wangyunsheng/wangyunsheng/work/chilo/reseq/fq/lab_seq/HC_R_6_1.fq.gz	/mnt/inaisfs/home/wangyunsheng/wangyunsheng/work/chilo/reseq/fq/lab_seq/HC_R_6_2.fq.gz
HC_R_7	lab	HC_R	rice	HC	/mnt/inaisfs/home/wangyunsheng/wangyunsheng/work/chilo/reseq/fq/lab_seq/HC_R_7_1.fq.gz	/mnt/inaisfs/home/wangyunsheng/wangyunsheng/work/chilo/reseq/fq/lab_seq/HC_R_7_2.fq.gz
HC_R_8	lab	HC_R	rice	HC	/mnt/inaisfs/home/wangyunsheng/wangyunsheng/work/chilo/reseq/fq/lab_seq/HC_R_8_1.fq.gz	/mnt/inaisfs/home/wangyunsheng/wangyunsheng/work/chilo/reseq/fq/lab_seq/HC_R_8_2.fq.gz
HC_R_9	lab	HC_R	rice	HC	/mnt/inaisfs/home/wangyunsheng/wangyunsheng/work/chilo/reseq/fq/lab_seq/HC_R_9_1.fq.gz	/mnt/inaisfs/home/wangyunsheng/wangyunsheng/work/chilo/reseq/fq/lab_seq/HC_R_9_2.fq.gz
HC_W_10	lab	HC_W	wateroat	HC	/mnt/inaisfs/home/wangyunsheng/wangyunsheng/work/chilo/reseq/fq/lab_seq/HC_W_10_1.fq.gz	/mnt/inaisfs/home/wangyunsheng/wangyunsheng/work/chilo/reseq/fq/lab_seq/HC_W_10_2.fq.gz
HC_W_1	lab	HC_W	wateroat	HC	/mnt/inaisfs/home/wangyunsheng/wangyunsheng/work/chilo/reseq/fq/lab_seq/HC_W_1_1.fq.gz	/mnt/inaisfs/home/wangyunsheng/wangyunsheng/work/chilo/reseq/fq/lab_seq/HC_W_1_2.fq.gz
HC_W_2	lab	HC_W	wateroat	HC	/mnt/inaisfs/home/wangyunsheng/wangyunsheng/work/chilo/reseq/fq/lab_seq/HC_W_2_1.fq.gz	/mnt/inaisfs/home/wangyunsheng/wangyunsheng/work/chilo/reseq/fq/lab_seq/HC_W_2_2.fq.gz
HC_W_3	lab	HC_W	wateroat	HC	/mnt/inaisfs/home/wangyunsheng/wangyunsheng/work/chilo/reseq/fq/lab_seq/HC_W_3_1.fq.gz	/mnt/inaisfs/home/wangyunsheng/wangyunsheng/work/chilo/reseq/fq/lab_seq/HC_W_3_2.fq.gz
HC_W_4	lab	HC_W	wateroat	HC	/mnt/inaisfs/home/wangyunsheng/wangyunsheng/work/chilo/reseq/fq/lab_seq/HC_W_4_1.fq.gz	/mnt/inaisfs/home/wangyunsheng/wangyunsheng/work/chilo/reseq/fq/lab_seq/HC_W_4_2.fq.gz
HC_W_5	lab	HC_W	wateroat	HC	/mnt/inaisfs/home/wangyunsheng/wangyunsheng/work/chilo/reseq/fq/lab_seq/HC_W_5_1.fq.gz	/mnt/inaisfs/home/wangyunsheng/wangyunsheng/work/chilo/reseq/fq/lab_seq/HC_W_5_2.fq.gz
HC_W_6	lab	HC_W	wateroat	HC	/mnt/inaisfs/home/wangyunsheng/wangyunsheng/work/chilo/reseq/fq/lab_seq/HC_W_6_1.fq.gz	/mnt/inaisfs/home/wangyunsheng/wangyunsheng/work/chilo/reseq/fq/lab_seq/HC_W_6_2.fq.gz
HC_W_7	lab	HC_W	wateroat	HC	/mnt/inaisfs/home/wangyunsheng/wangyunsheng/work/chilo/reseq/fq/lab_seq/HC_W_7_1.fq.gz	/mnt/inaisfs/home/wangyunsheng/wangyunsheng/work/chilo/reseq/fq/lab_seq/HC_W_7_2.fq.gz
HC_W_8	lab	HC_W	wateroat	HC	/mnt/inaisfs/home/wangyunsheng/wangyunsheng/work/chilo/reseq/fq/lab_seq/HC_W_8_1.fq.gz	/mnt/inaisfs/home/wangyunsheng/wangyunsheng/work/chilo/reseq/fq/lab_seq/HC_W_8_2.fq.gz
HC_W_9	lab	HC_W	wateroat	HC	/mnt/inaisfs/home/wangyunsheng/wangyunsheng/work/chilo/reseq/fq/lab_seq/HC_W_9_1.fq.gz	/mnt/inaisfs/home/wangyunsheng/wangyunsheng/work/chilo/reseq/fq/lab_seq/HC_W_9_2.fq.gz
HH_R_10	lab	HH_R	rice	HH	/mnt/inaisfs/home/wangyunsheng/wangyunsheng/work/chilo/reseq/fq/lab_seq/HH_R_10_1.fq.gz	/mnt/inaisfs/home/wangyunsheng/wangyunsheng/work/chilo/reseq/fq/lab_seq/HH_R_10_2.fq.gz
HH_R_1	lab	HH_R	rice	HH	/mnt/inaisfs/home/wangyunsheng/wangyunsheng/work/chilo/reseq/fq/lab_seq/HH_R_1_1.fq.gz	/mnt/inaisfs/home/wangyunsheng/wangyunsheng/work/chilo/reseq/fq/lab_seq/HH_R_1_2.fq.gz
HH_R_2	lab	HH_R	rice	HH	/mnt/inaisfs/home/wangyunsheng/wangyunsheng/work/chilo/reseq/fq/lab_seq/HH_R_2_1.fq.gz	/mnt/inaisfs/home/wangyunsheng/wangyunsheng/work/chilo/reseq/fq/lab_seq/HH_R_2_2.fq.gz
HH_R_3	lab	HH_R	rice	HH	/mnt/inaisfs/home/wangyunsheng/wangyunsheng/work/chilo/reseq/fq/lab_seq/HH_R_3_1.fq.gz	/mnt/inaisfs/home/wangyunsheng/wangyunsheng/work/chilo/reseq/fq/lab_seq/HH_R_3_2.fq.gz
HH_R_4	lab	HH_R	rice	HH	/mnt/inaisfs/home/wangyunsheng/wangyunsheng/work/chilo/reseq/fq/lab_seq/HH_R_4_1.fq.gz	/mnt/inaisfs/home/wangyunsheng/wangyunsheng/work/chilo/reseq/fq/lab_seq/HH_R_4_2.fq.gz
HH_R_5	lab	HH_R	rice	HH	/mnt/inaisfs/home/wangyunsheng/wangyunsheng/work/chilo/reseq/fq/lab_seq/HH_R_5_1.fq.gz	/mnt/inaisfs/home/wangyunsheng/wangyunsheng/work/chilo/reseq/fq/lab_seq/HH_R_5_2.fq.gz
HH_R_6	lab	HH_R	rice	HH	/mnt/inaisfs/home/wangyunsheng/wangyunsheng/work/chilo/reseq/fq/lab_seq/HH_R_6_1.fq.gz	/mnt/inaisfs/home/wangyunsheng/wangyunsheng/work/chilo/reseq/fq/lab_seq/HH_R_6_2.fq.gz
HH_R_7	lab	HH_R	rice	HH	/mnt/inaisfs/home/wangyunsheng/wangyunsheng/work/chilo/reseq/fq/lab_seq/HH_R_7_1.fq.gz	/mnt/inaisfs/home/wangyunsheng/wangyunsheng/work/chilo/reseq/fq/lab_seq/HH_R_7_2.fq.gz
HH_R_8	lab	HH_R	rice	HH	/mnt/inaisfs/home/wangyunsheng/wangyunsheng/work/chilo/reseq/fq/lab_seq/HH_R_8_1.fq.gz	/mnt/inaisfs/home/wangyunsheng/wangyunsheng/work/chilo/reseq/fq/lab_seq/HH_R_8_2.fq.gz
HH_R_9	lab	HH_R	rice	HH	/mnt/inaisfs/home/wangyunsheng/wangyunsheng/work/chilo/reseq/fq/lab_seq/HH_R_9_1.fq.gz	/mnt/inaisfs/home/wangyunsheng/wangyunsheng/work/chilo/reseq/fq/lab_seq/HH_R_9_2.fq.gz
HH_W_10	lab	HH_W	wateroat	HH	/mnt/inaisfs/home/wangyunsheng/wangyunsheng/work/chilo/reseq/fq/lab_seq/HH_W_10_1.fq.gz	/mnt/inaisfs/home/wangyunsheng/wangyunsheng/work/chilo/reseq/fq/lab_seq/HH_W_10_2.fq.gz
HH_W_1	lab	HH_W	wateroat	HH	/mnt/inaisfs/home/wangyunsheng/wangyunsheng/work/chilo/reseq/fq/lab_seq/HH_W_1_1.fq.gz	/mnt/inaisfs/home/wangyunsheng/wangyunsheng/work/chilo/reseq/fq/lab_seq/HH_W_1_2.fq.gz
HH_W_2	lab	HH_W	wateroat	HH	/mnt/inaisfs/home/wangyunsheng/wangyunsheng/work/chilo/reseq/fq/lab_seq/HH_W_2_1.fq.gz	/mnt/inaisfs/home/wangyunsheng/wangyunsheng/work/chilo/reseq/fq/lab_seq/HH_W_2_2.fq.gz
HH_W_3	lab	HH_W	wateroat	HH	/mnt/inaisfs/home/wangyunsheng/wangyunsheng/work/chilo/reseq/fq/lab_seq/HH_W_3_1.fq.gz	/mnt/inaisfs/home/wangyunsheng/wangyunsheng/work/chilo/reseq/fq/lab_seq/HH_W_3_2.fq.gz
HH_W_4	lab	HH_W	wateroat	HH	/mnt/inaisfs/home/wangyunsheng/wangyunsheng/work/chilo/reseq/fq/lab_seq/HH_W_4_1.fq.gz	/mnt/inaisfs/home/wangyunsheng/wangyunsheng/work/chilo/reseq/fq/lab_seq/HH_W_4_2.fq.gz
HH_W_5	lab	HH_W	wateroat	HH	/mnt/inaisfs/home/wangyunsheng/wangyunsheng/work/chilo/reseq/fq/lab_seq/HH_W_5_1.fq.gz	/mnt/inaisfs/home/wangyunsheng/wangyunsheng/work/chilo/reseq/fq/lab_seq/HH_W_5_2.fq.gz
HH_W_6	lab	HH_W	wateroat	HH	/mnt/inaisfs/home/wangyunsheng/wangyunsheng/work/chilo/reseq/fq/lab_seq/HH_W_6_1.fq.gz	/mnt/inaisfs/home/wangyunsheng/wangyunsheng/work/chilo/reseq/fq/lab_seq/HH_W_6_2.fq.gz
HH_W_7	lab	HH_W	wateroat	HH	/mnt/inaisfs/home/wangyunsheng/wangyunsheng/work/chilo/reseq/fq/lab_seq/HH_W_7_1.fq.gz	/mnt/inaisfs/home/wangyunsheng/wangyunsheng/work/chilo/reseq/fq/lab_seq/HH_W_7_2.fq.gz
HH_W_8	lab	HH_W	wateroat	HH	/mnt/inaisfs/home/wangyunsheng/wangyunsheng/work/chilo/reseq/fq/lab_seq/HH_W_8_1.fq.gz	/mnt/inaisfs/home/wangyunsheng/wangyunsheng/work/chilo/reseq/fq/lab_seq/HH_W_8_2.fq.gz
HH_W_9	lab	HH_W	wateroat	HH	/mnt/inaisfs/home/wangyunsheng/wangyunsheng/work/chilo/reseq/fq/lab_seq/HH_W_9_1.fq.gz	/mnt/inaisfs/home/wangyunsheng/wangyunsheng/work/chilo/reseq/fq/lab_seq/HH_W_9_2.fq.gz
HR_R_10	lab	HR_R	rice	HR	/mnt/inaisfs/home/wangyunsheng/wangyunsheng/work/chilo/reseq/fq/lab_seq/HR_R_10_1.fq.gz	/mnt/inaisfs/home/wangyunsheng/wangyunsheng/work/chilo/reseq/fq/lab_seq/HR_R_10_2.fq.gz
HR_R_1	lab	HR_R	rice	HR	/mnt/inaisfs/home/wangyunsheng/wangyunsheng/work/chilo/reseq/fq/lab_seq/HR_R_1_1.fq.gz	/mnt/inaisfs/home/wangyunsheng/wangyunsheng/work/chilo/reseq/fq/lab_seq/HR_R_1_2.fq.gz
HR_R_2	lab	HR_R	rice	HR	/mnt/inaisfs/home/wangyunsheng/wangyunsheng/work/chilo/reseq/fq/lab_seq/HR_R_2_1.fq.gz	/mnt/inaisfs/home/wangyunsheng/wangyunsheng/work/chilo/reseq/fq/lab_seq/HR_R_2_2.fq.gz
HR_R_3	lab	HR_R	rice	HR	/mnt/inaisfs/home/wangyunsheng/wangyunsheng/work/chilo/reseq/fq/lab_seq/HR_R_3_1.fq.gz	/mnt/inaisfs/home/wangyunsheng/wangyunsheng/work/chilo/reseq/fq/lab_seq/HR_R_3_2.fq.gz
HR_R_4	lab	HR_R	rice	HR	/mnt/inaisfs/home/wangyunsheng/wangyunsheng/work/chilo/reseq/fq/lab_seq/HR_R_4_1.fq.gz	/mnt/inaisfs/home/wangyunsheng/wangyunsheng/work/chilo/reseq/fq/lab_seq/HR_R_4_2.fq.gz
HR_R_5	lab	HR_R	rice	HR	/mnt/inaisfs/home/wangyunsheng/wangyunsheng/work/chilo/reseq/fq/lab_seq/HR_R_5_1.fq.gz	/mnt/inaisfs/home/wangyunsheng/wangyunsheng/work/chilo/reseq/fq/lab_seq/HR_R_5_2.fq.gz
HR_R_6	lab	HR_R	rice	HR	/mnt/inaisfs/home/wangyunsheng/wangyunsheng/work/chilo/reseq/fq/lab_seq/HR_R_6_1.fq.gz	/mnt/inaisfs/home/wangyunsheng/wangyunsheng/work/chilo/reseq/fq/lab_seq/HR_R_6_2.fq.gz
HR_R_7	lab	HR_R	rice	HR	/mnt/inaisfs/home/wangyunsheng/wangyunsheng/work/chilo/reseq/fq/lab_seq/HR_R_7_1.fq.gz	/mnt/inaisfs/home/wangyunsheng/wangyunsheng/work/chilo/reseq/fq/lab_seq/HR_R_7_2.fq.gz
HR_R_8	lab	HR_R	rice	HR	/mnt/inaisfs/home/wangyunsheng/wangyunsheng/work/chilo/reseq/fq/lab_seq/HR_R_8_1.fq.gz	/mnt/inaisfs/home/wangyunsheng/wangyunsheng/work/chilo/reseq/fq/lab_seq/HR_R_8_2.fq.gz
HR_R_9	lab	HR_R	rice	HR	/mnt/inaisfs/home/wangyunsheng/wangyunsheng/work/chilo/reseq/fq/lab_seq/HR_R_9_1.fq.gz	/mnt/inaisfs/home/wangyunsheng/wangyunsheng/work/chilo/reseq/fq/lab_seq/HR_R_9_2.fq.gz
HR_W_10	lab	HR_W	wateroat	HR	/mnt/inaisfs/home/wangyunsheng/wangyunsheng/work/chilo/reseq/fq/lab_seq/HR_W_10_1.fq.gz	/mnt/inaisfs/home/wangyunsheng/wangyunsheng/work/chilo/reseq/fq/lab_seq/HR_W_10_2.fq.gz
HR_W_1	lab	HR_W	wateroat	HR	/mnt/inaisfs/home/wangyunsheng/wangyunsheng/work/chilo/reseq/fq/lab_seq/HR_W_1_1.fq.gz	/mnt/inaisfs/home/wangyunsheng/wangyunsheng/work/chilo/reseq/fq/lab_seq/HR_W_1_2.fq.gz
HR_W_2	lab	HR_W	wateroat	HR	/mnt/inaisfs/home/wangyunsheng/wangyunsheng/work/chilo/reseq/fq/lab_seq/HR_W_2_1.fq.gz	/mnt/inaisfs/home/wangyunsheng/wangyunsheng/work/chilo/reseq/fq/lab_seq/HR_W_2_2.fq.gz
HR_W_3	lab	HR_W	wateroat	HR	/mnt/inaisfs/home/wangyunsheng/wangyunsheng/work/chilo/reseq/fq/lab_seq/HR_W_3_1.fq.gz	/mnt/inaisfs/home/wangyunsheng/wangyunsheng/work/chilo/reseq/fq/lab_seq/HR_W_3_2.fq.gz
HR_W_4	lab	HR_W	wateroat	HR	/mnt/inaisfs/home/wangyunsheng/wangyunsheng/work/chilo/reseq/fq/lab_seq/HR_W_4_1.fq.gz	/mnt/inaisfs/home/wangyunsheng/wangyunsheng/work/chilo/reseq/fq/lab_seq/HR_W_4_2.fq.gz
HR_W_5	lab	HR_W	wateroat	HR	/mnt/inaisfs/home/wangyunsheng/wangyunsheng/work/chilo/reseq/fq/lab_seq/HR_W_5_1.fq.gz	/mnt/inaisfs/home/wangyunsheng/wangyunsheng/work/chilo/reseq/fq/lab_seq/HR_W_5_2.fq.gz
HR_W_6	lab	HR_W	wateroat	HR	/mnt/inaisfs/home/wangyunsheng/wangyunsheng/work/chilo/reseq/fq/lab_seq/HR_W_6_1.fq.gz	/mnt/inaisfs/home/wangyunsheng/wangyunsheng/work/chilo/reseq/fq/lab_seq/HR_W_6_2.fq.gz
HR_W_7	lab	HR_W	wateroat	HR	/mnt/inaisfs/home/wangyunsheng/wangyunsheng/work/chilo/reseq/fq/lab_seq/HR_W_7_1.fq.gz	/mnt/inaisfs/home/wangyunsheng/wangyunsheng/work/chilo/reseq/fq/lab_seq/HR_W_7_2.fq.gz
HR_W_8	lab	HR_W	wateroat	HR	/mnt/inaisfs/home/wangyunsheng/wangyunsheng/work/chilo/reseq/fq/lab_seq/HR_W_8_1.fq.gz	/mnt/inaisfs/home/wangyunsheng/wangyunsheng/work/chilo/reseq/fq/lab_seq/HR_W_8_2.fq.gz
HR_W_9	lab	HR_W	wateroat	HR	/mnt/inaisfs/home/wangyunsheng/wangyunsheng/work/chilo/reseq/fq/lab_seq/HR_W_9_1.fq.gz	/mnt/inaisfs/home/wangyunsheng/wangyunsheng/work/chilo/reseq/fq/lab_seq/HR_W_9_2.fq.gz
HZ_R_10	lab	HZ_R	rice	HZ	/mnt/inaisfs/home/wangyunsheng/wangyunsheng/work/chilo/reseq/fq/lab_seq/HZ_R_10_1.fq.gz	/mnt/inaisfs/home/wangyunsheng/wangyunsheng/work/chilo/reseq/fq/lab_seq/HZ_R_10_2.fq.gz
HZ_R_1	lab	HZ_R	rice	HZ	/mnt/inaisfs/home/wangyunsheng/wangyunsheng/work/chilo/reseq/fq/lab_seq/HZ_R_1_1.fq.gz	/mnt/inaisfs/home/wangyunsheng/wangyunsheng/work/chilo/reseq/fq/lab_seq/HZ_R_1_2.fq.gz
HZ_R_2	lab	HZ_R	rice	HZ	/mnt/inaisfs/home/wangyunsheng/wangyunsheng/work/chilo/reseq/fq/lab_seq/HZ_R_2_1.fq.gz	/mnt/inaisfs/home/wangyunsheng/wangyunsheng/work/chilo/reseq/fq/lab_seq/HZ_R_2_2.fq.gz
HZ_R_3	lab	HZ_R	rice	HZ	/mnt/inaisfs/home/wangyunsheng/wangyunsheng/work/chilo/reseq/fq/lab_seq/HZ_R_3_1.fq.gz	/mnt/inaisfs/home/wangyunsheng/wangyunsheng/work/chilo/reseq/fq/lab_seq/HZ_R_3_2.fq.gz
HZ_R_4	lab	HZ_R	rice	HZ	/mnt/inaisfs/home/wangyunsheng/wangyunsheng/work/chilo/reseq/fq/lab_seq/HZ_R_4_1.fq.gz	/mnt/inaisfs/home/wangyunsheng/wangyunsheng/work/chilo/reseq/fq/lab_seq/HZ_R_4_2.fq.gz
HZ_R_5	lab	HZ_R	rice	HZ	/mnt/inaisfs/home/wangyunsheng/wangyunsheng/work/chilo/reseq/fq/lab_seq/HZ_R_5_1.fq.gz	/mnt/inaisfs/home/wangyunsheng/wangyunsheng/work/chilo/reseq/fq/lab_seq/HZ_R_5_2.fq.gz
HZ_R_6	lab	HZ_R	rice	HZ	/mnt/inaisfs/home/wangyunsheng/wangyunsheng/work/chilo/reseq/fq/lab_seq/HZ_R_6_1.fq.gz	/mnt/inaisfs/home/wangyunsheng/wangyunsheng/work/chilo/reseq/fq/lab_seq/HZ_R_6_2.fq.gz
HZ_R_7	lab	HZ_R	rice	HZ	/mnt/inaisfs/home/wangyunsheng/wangyunsheng/work/chilo/reseq/fq/lab_seq/HZ_R_7_1.fq.gz	/mnt/inaisfs/home/wangyunsheng/wangyunsheng/work/chilo/reseq/fq/lab_seq/HZ_R_7_2.fq.gz
HZ_R_8	lab	HZ_R	rice	HZ	/mnt/inaisfs/home/wangyunsheng/wangyunsheng/work/chilo/reseq/fq/lab_seq/HZ_R_8_1.fq.gz	/mnt/inaisfs/home/wangyunsheng/wangyunsheng/work/chilo/reseq/fq/lab_seq/HZ_R_8_2.fq.gz
HZ_R_9	lab	HZ_R	rice	HZ	/mnt/inaisfs/home/wangyunsheng/wangyunsheng/work/chilo/reseq/fq/lab_seq/HZ_R_9_1.fq.gz	/mnt/inaisfs/home/wangyunsheng/wangyunsheng/work/chilo/reseq/fq/lab_seq/HZ_R_9_2.fq.gz
NC2025_R_10	lab	NC2025_R	rice	NC2025	/mnt/inaisfs/home/wangyunsheng/wangyunsheng/work/chilo/reseq/fq/lab_seq/NC2025_R_10_1.fq.gz	/mnt/inaisfs/home/wangyunsheng/wangyunsheng/work/chilo/reseq/fq/lab_seq/NC2025_R_10_2.fq.gz
NC2025_R_1	lab	NC2025_R	rice	NC2025	/mnt/inaisfs/home/wangyunsheng/wangyunsheng/work/chilo/reseq/fq/lab_seq/NC2025_R_1_1.fq.gz	/mnt/inaisfs/home/wangyunsheng/wangyunsheng/work/chilo/reseq/fq/lab_seq/NC2025_R_1_2.fq.gz
NC2025_R_2	lab	NC2025_R	rice	NC2025	/mnt/inaisfs/home/wangyunsheng/wangyunsheng/work/chilo/reseq/fq/lab_seq/NC2025_R_2_1.fq.gz	/mnt/inaisfs/home/wangyunsheng/wangyunsheng/work/chilo/reseq/fq/lab_seq/NC2025_R_2_2.fq.gz
NC2025_R_3	lab	NC2025_R	rice	NC2025	/mnt/inaisfs/home/wangyunsheng/wangyunsheng/work/chilo/reseq/fq/lab_seq/NC2025_R_3_1.fq.gz	/mnt/inaisfs/home/wangyunsheng/wangyunsheng/work/chilo/reseq/fq/lab_seq/NC2025_R_3_2.fq.gz
NC2025_R_4	lab	NC2025_R	rice	NC2025	/mnt/inaisfs/home/wangyunsheng/wangyunsheng/work/chilo/reseq/fq/lab_seq/NC2025_R_4_1.fq.gz	/mnt/inaisfs/home/wangyunsheng/wangyunsheng/work/chilo/reseq/fq/lab_seq/NC2025_R_4_2.fq.gz
NC2025_R_5	lab	NC2025_R	rice	NC2025	/mnt/inaisfs/home/wangyunsheng/wangyunsheng/work/chilo/reseq/fq/lab_seq/NC2025_R_5_1.fq.gz	/mnt/inaisfs/home/wangyunsheng/wangyunsheng/work/chilo/reseq/fq/lab_seq/NC2025_R_5_2.fq.gz
NC2025_R_6	lab	NC2025_R	rice	NC2025	/mnt/inaisfs/home/wangyunsheng/wangyunsheng/work/chilo/reseq/fq/lab_seq/NC2025_R_6_1.fq.gz	/mnt/inaisfs/home/wangyunsheng/wangyunsheng/work/chilo/reseq/fq/lab_seq/NC2025_R_6_2.fq.gz
NC2025_R_7	lab	NC2025_R	rice	NC2025	/mnt/inaisfs/home/wangyunsheng/wangyunsheng/work/chilo/reseq/fq/lab_seq/NC2025_R_7_1.fq.gz	/mnt/inaisfs/home/wangyunsheng/wangyunsheng/work/chilo/reseq/fq/lab_seq/NC2025_R_7_2.fq.gz
NC2025_R_8	lab	NC2025_R	rice	NC2025	/mnt/inaisfs/home/wangyunsheng/wangyunsheng/work/chilo/reseq/fq/lab_seq/NC2025_R_8_1.fq.gz	/mnt/inaisfs/home/wangyunsheng/wangyunsheng/work/chilo/reseq/fq/lab_seq/NC2025_R_8_2.fq.gz
NC2025_R_9	lab	NC2025_R	rice	NC2025	/mnt/inaisfs/home/wangyunsheng/wangyunsheng/work/chilo/reseq/fq/lab_seq/NC2025_R_9_1.fq.gz	/mnt/inaisfs/home/wangyunsheng/wangyunsheng/work/chilo/reseq/fq/lab_seq/NC2025_R_9_2.fq.gz
NL_R_10	lab	NL_R	rice	NL	/mnt/inaisfs/home/wangyunsheng/wangyunsheng/work/chilo/reseq/fq/lab_seq/NL_R_10_1.fq.gz	/mnt/inaisfs/home/wangyunsheng/wangyunsheng/work/chilo/reseq/fq/lab_seq/NL_R_10_2.fq.gz
NL_R_11	lab	NL_R	rice	NL	/mnt/inaisfs/home/wangyunsheng/wangyunsheng/work/chilo/reseq/fq/lab_seq/NL_R_11_1.fq.gz	/mnt/inaisfs/home/wangyunsheng/wangyunsheng/work/chilo/reseq/fq/lab_seq/NL_R_11_2.fq.gz
NL_R_1	lab	NL_R	rice	NL	/mnt/inaisfs/home/wangyunsheng/wangyunsheng/work/chilo/reseq/fq/lab_seq/NL_R_1_1.fq.gz	/mnt/inaisfs/home/wangyunsheng/wangyunsheng/work/chilo/reseq/fq/lab_seq/NL_R_1_2.fq.gz
NL_R_12	lab	NL_R	rice	NL	/mnt/inaisfs/home/wangyunsheng/wangyunsheng/work/chilo/reseq/fq/lab_seq/NL_R_12_1.fq.gz	/mnt/inaisfs/home/wangyunsheng/wangyunsheng/work/chilo/reseq/fq/lab_seq/NL_R_12_2.fq.gz
NL_R_13	lab	NL_R	rice	NL	/mnt/inaisfs/home/wangyunsheng/wangyunsheng/work/chilo/reseq/fq/lab_seq/NL_R_13_1.fq.gz	/mnt/inaisfs/home/wangyunsheng/wangyunsheng/work/chilo/reseq/fq/lab_seq/NL_R_13_2.fq.gz
NL_R_14	lab	NL_R	rice	NL	/mnt/inaisfs/home/wangyunsheng/wangyunsheng/work/chilo/reseq/fq/lab_seq/NL_R_14_1.fq.gz	/mnt/inaisfs/home/wangyunsheng/wangyunsheng/work/chilo/reseq/fq/lab_seq/NL_R_14_2.fq.gz
NL_R_15	lab	NL_R	rice	NL	/mnt/inaisfs/home/wangyunsheng/wangyunsheng/work/chilo/reseq/fq/lab_seq/NL_R_15_1.fq.gz	/mnt/inaisfs/home/wangyunsheng/wangyunsheng/work/chilo/reseq/fq/lab_seq/NL_R_15_2.fq.gz
NL_R_2	lab	NL_R	rice	NL	/mnt/inaisfs/home/wangyunsheng/wangyunsheng/work/chilo/reseq/fq/lab_seq/NL_R_2_1.fq.gz	/mnt/inaisfs/home/wangyunsheng/wangyunsheng/work/chilo/reseq/fq/lab_seq/NL_R_2_2.fq.gz
NL_R_3	lab	NL_R	rice	NL	/mnt/inaisfs/home/wangyunsheng/wangyunsheng/work/chilo/reseq/fq/lab_seq/NL_R_3_1.fq.gz	/mnt/inaisfs/home/wangyunsheng/wangyunsheng/work/chilo/reseq/fq/lab_seq/NL_R_3_2.fq.gz
NL_R_4	lab	NL_R	rice	NL	/mnt/inaisfs/home/wangyunsheng/wangyunsheng/work/chilo/reseq/fq/lab_seq/NL_R_4_1.fq.gz	/mnt/inaisfs/home/wangyunsheng/wangyunsheng/work/chilo/reseq/fq/lab_seq/NL_R_4_2.fq.gz
NL_R_5	lab	NL_R	rice	NL	/mnt/inaisfs/home/wangyunsheng/wangyunsheng/work/chilo/reseq/fq/lab_seq/NL_R_5_1.fq.gz	/mnt/inaisfs/home/wangyunsheng/wangyunsheng/work/chilo/reseq/fq/lab_seq/NL_R_5_2.fq.gz
NL_R_6	lab	NL_R	rice	NL	/mnt/inaisfs/home/wangyunsheng/wangyunsheng/work/chilo/reseq/fq/lab_seq/NL_R_6_1.fq.gz	/mnt/inaisfs/home/wangyunsheng/wangyunsheng/work/chilo/reseq/fq/lab_seq/NL_R_6_2.fq.gz
NL_R_7	lab	NL_R	rice	NL	/mnt/inaisfs/home/wangyunsheng/wangyunsheng/work/chilo/reseq/fq/lab_seq/NL_R_7_1.fq.gz	/mnt/inaisfs/home/wangyunsheng/wangyunsheng/work/chilo/reseq/fq/lab_seq/NL_R_7_2.fq.gz
NL_R_8	lab	NL_R	rice	NL	/mnt/inaisfs/home/wangyunsheng/wangyunsheng/work/chilo/reseq/fq/lab_seq/NL_R_8_1.fq.gz	/mnt/inaisfs/home/wangyunsheng/wangyunsheng/work/chilo/reseq/fq/lab_seq/NL_R_8_2.fq.gz
NL_R_9	lab	NL_R	rice	NL	/mnt/inaisfs/home/wangyunsheng/wangyunsheng/work/chilo/reseq/fq/lab_seq/NL_R_9_1.fq.gz	/mnt/inaisfs/home/wangyunsheng/wangyunsheng/work/chilo/reseq/fq/lab_seq/NL_R_9_2.fq.gz
NL_W_10	lab	NL_W	wateroat	NL	/mnt/inaisfs/home/wangyunsheng/wangyunsheng/work/chilo/reseq/fq/lab_seq/NL_W_10_1.fq.gz	/mnt/inaisfs/home/wangyunsheng/wangyunsheng/work/chilo/reseq/fq/lab_seq/NL_W_10_2.fq.gz
NL_W_11	lab	NL_W	wateroat	NL	/mnt/inaisfs/home/wangyunsheng/wangyunsheng/work/chilo/reseq/fq/lab_seq/NL_W_11_1.fq.gz	/mnt/inaisfs/home/wangyunsheng/wangyunsheng/work/chilo/reseq/fq/lab_seq/NL_W_11_2.fq.gz
NL_W_1	lab	NL_W	wateroat	NL	/mnt/inaisfs/home/wangyunsheng/wangyunsheng/work/chilo/reseq/fq/lab_seq/NL_W_1_1.fq.gz	/mnt/inaisfs/home/wangyunsheng/wangyunsheng/work/chilo/reseq/fq/lab_seq/NL_W_1_2.fq.gz
NL_W_12	lab	NL_W	wateroat	NL	/mnt/inaisfs/home/wangyunsheng/wangyunsheng/work/chilo/reseq/fq/lab_seq/NL_W_12_1.fq.gz	/mnt/inaisfs/home/wangyunsheng/wangyunsheng/work/chilo/reseq/fq/lab_seq/NL_W_12_2.fq.gz
NL_W_13	lab	NL_W	wateroat	NL	/mnt/inaisfs/home/wangyunsheng/wangyunsheng/work/chilo/reseq/fq/lab_seq/NL_W_13_1.fq.gz	/mnt/inaisfs/home/wangyunsheng/wangyunsheng/work/chilo/reseq/fq/lab_seq/NL_W_13_2.fq.gz
NL_W_14	lab	NL_W	wateroat	NL	/mnt/inaisfs/home/wangyunsheng/wangyunsheng/work/chilo/reseq/fq/lab_seq/NL_W_14_1.fq.gz	/mnt/inaisfs/home/wangyunsheng/wangyunsheng/work/chilo/reseq/fq/lab_seq/NL_W_14_2.fq.gz
NL_W_15	lab	NL_W	wateroat	NL	/mnt/inaisfs/home/wangyunsheng/wangyunsheng/work/chilo/reseq/fq/lab_seq/NL_W_15_1.fq.gz	/mnt/inaisfs/home/wangyunsheng/wangyunsheng/work/chilo/reseq/fq/lab_seq/NL_W_15_2.fq.gz
NL_W_2	lab	NL_W	wateroat	NL	/mnt/inaisfs/home/wangyunsheng/wangyunsheng/work/chilo/reseq/fq/lab_seq/NL_W_2_1.fq.gz	/mnt/inaisfs/home/wangyunsheng/wangyunsheng/work/chilo/reseq/fq/lab_seq/NL_W_2_2.fq.gz
NL_W_3	lab	NL_W	wateroat	NL	/mnt/inaisfs/home/wangyunsheng/wangyunsheng/work/chilo/reseq/fq/lab_seq/NL_W_3_1.fq.gz	/mnt/inaisfs/home/wangyunsheng/wangyunsheng/work/chilo/reseq/fq/lab_seq/NL_W_3_2.fq.gz
NL_W_4	lab	NL_W	wateroat	NL	/mnt/inaisfs/home/wangyunsheng/wangyunsheng/work/chilo/reseq/fq/lab_seq/NL_W_4_1.fq.gz	/mnt/inaisfs/home/wangyunsheng/wangyunsheng/work/chilo/reseq/fq/lab_seq/NL_W_4_2.fq.gz
NL_W_5	lab	NL_W	wateroat	NL	/mnt/inaisfs/home/wangyunsheng/wangyunsheng/work/chilo/reseq/fq/lab_seq/NL_W_5_1.fq.gz	/mnt/inaisfs/home/wangyunsheng/wangyunsheng/work/chilo/reseq/fq/lab_seq/NL_W_5_2.fq.gz
NL_W_6	lab	NL_W	wateroat	NL	/mnt/inaisfs/home/wangyunsheng/wangyunsheng/work/chilo/reseq/fq/lab_seq/NL_W_6_1.fq.gz	/mnt/inaisfs/home/wangyunsheng/wangyunsheng/work/chilo/reseq/fq/lab_seq/NL_W_6_2.fq.gz
NL_W_7	lab	NL_W	wateroat	NL	/mnt/inaisfs/home/wangyunsheng/wangyunsheng/work/chilo/reseq/fq/lab_seq/NL_W_7_1.fq.gz	/mnt/inaisfs/home/wangyunsheng/wangyunsheng/work/chilo/reseq/fq/lab_seq/NL_W_7_2.fq.gz
NL_W_8	lab	NL_W	wateroat	NL	/mnt/inaisfs/home/wangyunsheng/wangyunsheng/work/chilo/reseq/fq/lab_seq/NL_W_8_1.fq.gz	/mnt/inaisfs/home/wangyunsheng/wangyunsheng/work/chilo/reseq/fq/lab_seq/NL_W_8_2.fq.gz
NL_W_9	lab	NL_W	wateroat	NL	/mnt/inaisfs/home/wangyunsheng/wangyunsheng/work/chilo/reseq/fq/lab_seq/NL_W_9_1.fq.gz	/mnt/inaisfs/home/wangyunsheng/wangyunsheng/work/chilo/reseq/fq/lab_seq/NL_W_9_2.fq.gz
PYH_R_10	lab	PYH_R	rice	PYH	/mnt/inaisfs/home/wangyunsheng/wangyunsheng/work/chilo/reseq/fq/lab_seq/PYH_R_10_1.fq.gz	/mnt/inaisfs/home/wangyunsheng/wangyunsheng/work/chilo/reseq/fq/lab_seq/PYH_R_10_2.fq.gz
PYH_R_1	lab	PYH_R	rice	PYH	/mnt/inaisfs/home/wangyunsheng/wangyunsheng/work/chilo/reseq/fq/lab_seq/PYH_R_1_1.fq.gz	/mnt/inaisfs/home/wangyunsheng/wangyunsheng/work/chilo/reseq/fq/lab_seq/PYH_R_1_2.fq.gz
PYH_R_2	lab	PYH_R	rice	PYH	/mnt/inaisfs/home/wangyunsheng/wangyunsheng/work/chilo/reseq/fq/lab_seq/PYH_R_2_1.fq.gz	/mnt/inaisfs/home/wangyunsheng/wangyunsheng/work/chilo/reseq/fq/lab_seq/PYH_R_2_2.fq.gz
PYH_R_3	lab	PYH_R	rice	PYH	/mnt/inaisfs/home/wangyunsheng/wangyunsheng/work/chilo/reseq/fq/lab_seq/PYH_R_3_1.fq.gz	/mnt/inaisfs/home/wangyunsheng/wangyunsheng/work/chilo/reseq/fq/lab_seq/PYH_R_3_2.fq.gz
PYH_R_4	lab	PYH_R	rice	PYH	/mnt/inaisfs/home/wangyunsheng/wangyunsheng/work/chilo/reseq/fq/lab_seq/PYH_R_4_1.fq.gz	/mnt/inaisfs/home/wangyunsheng/wangyunsheng/work/chilo/reseq/fq/lab_seq/PYH_R_4_2.fq.gz
PYH_R_5	lab	PYH_R	rice	PYH	/mnt/inaisfs/home/wangyunsheng/wangyunsheng/work/chilo/reseq/fq/lab_seq/PYH_R_5_1.fq.gz	/mnt/inaisfs/home/wangyunsheng/wangyunsheng/work/chilo/reseq/fq/lab_seq/PYH_R_5_2.fq.gz
PYH_R_6	lab	PYH_R	rice	PYH	/mnt/inaisfs/home/wangyunsheng/wangyunsheng/work/chilo/reseq/fq/lab_seq/PYH_R_6_1.fq.gz	/mnt/inaisfs/home/wangyunsheng/wangyunsheng/work/chilo/reseq/fq/lab_seq/PYH_R_6_2.fq.gz
PYH_R_7	lab	PYH_R	rice	PYH	/mnt/inaisfs/home/wangyunsheng/wangyunsheng/work/chilo/reseq/fq/lab_seq/PYH_R_7_1.fq.gz	/mnt/inaisfs/home/wangyunsheng/wangyunsheng/work/chilo/reseq/fq/lab_seq/PYH_R_7_2.fq.gz
PYH_R_8	lab	PYH_R	rice	PYH	/mnt/inaisfs/home/wangyunsheng/wangyunsheng/work/chilo/reseq/fq/lab_seq/PYH_R_8_1.fq.gz	/mnt/inaisfs/home/wangyunsheng/wangyunsheng/work/chilo/reseq/fq/lab_seq/PYH_R_8_2.fq.gz
PYH_R_9	lab	PYH_R	rice	PYH	/mnt/inaisfs/home/wangyunsheng/wangyunsheng/work/chilo/reseq/fq/lab_seq/PYH_R_9_1.fq.gz	/mnt/inaisfs/home/wangyunsheng/wangyunsheng/work/chilo/reseq/fq/lab_seq/PYH_R_9_2.fq.gz
PYH_W_10	lab	PYH_W	wateroat	PYH	/mnt/inaisfs/home/wangyunsheng/wangyunsheng/work/chilo/reseq/fq/lab_seq/PYH_W_10_1.fq.gz	/mnt/inaisfs/home/wangyunsheng/wangyunsheng/work/chilo/reseq/fq/lab_seq/PYH_W_10_2.fq.gz
PYH_W_1	lab	PYH_W	wateroat	PYH	/mnt/inaisfs/home/wangyunsheng/wangyunsheng/work/chilo/reseq/fq/lab_seq/PYH_W_1_1.fq.gz	/mnt/inaisfs/home/wangyunsheng/wangyunsheng/work/chilo/reseq/fq/lab_seq/PYH_W_1_2.fq.gz
PYH_W_2	lab	PYH_W	wateroat	PYH	/mnt/inaisfs/home/wangyunsheng/wangyunsheng/work/chilo/reseq/fq/lab_seq/PYH_W_2_1.fq.gz	/mnt/inaisfs/home/wangyunsheng/wangyunsheng/work/chilo/reseq/fq/lab_seq/PYH_W_2_2.fq.gz
PYH_W_3	lab	PYH_W	wateroat	PYH	/mnt/inaisfs/home/wangyunsheng/wangyunsheng/work/chilo/reseq/fq/lab_seq/PYH_W_3_1.fq.gz	/mnt/inaisfs/home/wangyunsheng/wangyunsheng/work/chilo/reseq/fq/lab_seq/PYH_W_3_2.fq.gz
PYH_W_4	lab	PYH_W	wateroat	PYH	/mnt/inaisfs/home/wangyunsheng/wangyunsheng/work/chilo/reseq/fq/lab_seq/PYH_W_4_1.fq.gz	/mnt/inaisfs/home/wangyunsheng/wangyunsheng/work/chilo/reseq/fq/lab_seq/PYH_W_4_2.fq.gz
PYH_W_5	lab	PYH_W	wateroat	PYH	/mnt/inaisfs/home/wangyunsheng/wangyunsheng/work/chilo/reseq/fq/lab_seq/PYH_W_5_1.fq.gz	/mnt/inaisfs/home/wangyunsheng/wangyunsheng/work/chilo/reseq/fq/lab_seq/PYH_W_5_2.fq.gz
PYH_W_6	lab	PYH_W	wateroat	PYH	/mnt/inaisfs/home/wangyunsheng/wangyunsheng/work/chilo/reseq/fq/lab_seq/PYH_W_6_1.fq.gz	/mnt/inaisfs/home/wangyunsheng/wangyunsheng/work/chilo/reseq/fq/lab_seq/PYH_W_6_2.fq.gz
PYH_W_7	lab	PYH_W	wateroat	PYH	/mnt/inaisfs/home/wangyunsheng/wangyunsheng/work/chilo/reseq/fq/lab_seq/PYH_W_7_1.fq.gz	/mnt/inaisfs/home/wangyunsheng/wangyunsheng/work/chilo/reseq/fq/lab_seq/PYH_W_7_2.fq.gz
PYH_W_8	lab	PYH_W	wateroat	PYH	/mnt/inaisfs/home/wangyunsheng/wangyunsheng/work/chilo/reseq/fq/lab_seq/PYH_W_8_1.fq.gz	/mnt/inaisfs/home/wangyunsheng/wangyunsheng/work/chilo/reseq/fq/lab_seq/PYH_W_8_2.fq.gz
PYH_W_9	lab	PYH_W	wateroat	PYH	/mnt/inaisfs/home/wangyunsheng/wangyunsheng/work/chilo/reseq/fq/lab_seq/PYH_W_9_1.fq.gz	/mnt/inaisfs/home/wangyunsheng/wangyunsheng/work/chilo/reseq/fq/lab_seq/PYH_W_9_2.fq.gz
WH_R_10	lab	WH_R	rice	WH	/mnt/inaisfs/home/wangyunsheng/wangyunsheng/work/chilo/reseq/fq/lab_seq/WH_R_10_1.fq.gz	/mnt/inaisfs/home/wangyunsheng/wangyunsheng/work/chilo/reseq/fq/lab_seq/WH_R_10_2.fq.gz
WH_R_1	lab	WH_R	rice	WH	/mnt/inaisfs/home/wangyunsheng/wangyunsheng/work/chilo/reseq/fq/lab_seq/WH_R_1_1.fq.gz	/mnt/inaisfs/home/wangyunsheng/wangyunsheng/work/chilo/reseq/fq/lab_seq/WH_R_1_2.fq.gz
WH_R_2	lab	WH_R	rice	WH	/mnt/inaisfs/home/wangyunsheng/wangyunsheng/work/chilo/reseq/fq/lab_seq/WH_R_2_1.fq.gz	/mnt/inaisfs/home/wangyunsheng/wangyunsheng/work/chilo/reseq/fq/lab_seq/WH_R_2_2.fq.gz
WH_R_3	lab	WH_R	rice	WH	/mnt/inaisfs/home/wangyunsheng/wangyunsheng/work/chilo/reseq/fq/lab_seq/WH_R_3_1.fq.gz	/mnt/inaisfs/home/wangyunsheng/wangyunsheng/work/chilo/reseq/fq/lab_seq/WH_R_3_2.fq.gz
WH_R_4	lab	WH_R	rice	WH	/mnt/inaisfs/home/wangyunsheng/wangyunsheng/work/chilo/reseq/fq/lab_seq/WH_R_4_1.fq.gz	/mnt/inaisfs/home/wangyunsheng/wangyunsheng/work/chilo/reseq/fq/lab_seq/WH_R_4_2.fq.gz
WH_R_5	lab	WH_R	rice	WH	/mnt/inaisfs/home/wangyunsheng/wangyunsheng/work/chilo/reseq/fq/lab_seq/WH_R_5_1.fq.gz	/mnt/inaisfs/home/wangyunsheng/wangyunsheng/work/chilo/reseq/fq/lab_seq/WH_R_5_2.fq.gz
WH_R_6	lab	WH_R	rice	WH	/mnt/inaisfs/home/wangyunsheng/wangyunsheng/work/chilo/reseq/fq/lab_seq/WH_R_6_1.fq.gz	/mnt/inaisfs/home/wangyunsheng/wangyunsheng/work/chilo/reseq/fq/lab_seq/WH_R_6_2.fq.gz
WH_R_7	lab	WH_R	rice	WH	/mnt/inaisfs/home/wangyunsheng/wangyunsheng/work/chilo/reseq/fq/lab_seq/WH_R_7_1.fq.gz	/mnt/inaisfs/home/wangyunsheng/wangyunsheng/work/chilo/reseq/fq/lab_seq/WH_R_7_2.fq.gz
WH_R_8	lab	WH_R	rice	WH	/mnt/inaisfs/home/wangyunsheng/wangyunsheng/work/chilo/reseq/fq/lab_seq/WH_R_8_1.fq.gz	/mnt/inaisfs/home/wangyunsheng/wangyunsheng/work/chilo/reseq/fq/lab_seq/WH_R_8_2.fq.gz
WH_R_9	lab	WH_R	rice	WH	/mnt/inaisfs/home/wangyunsheng/wangyunsheng/work/chilo/reseq/fq/lab_seq/WH_R_9_1.fq.gz	/mnt/inaisfs/home/wangyunsheng/wangyunsheng/work/chilo/reseq/fq/lab_seq/WH_R_9_2.fq.gz
WH_W_10	lab	WH_W	wateroat	WH	/mnt/inaisfs/home/wangyunsheng/wangyunsheng/work/chilo/reseq/fq/lab_seq/WH_W_10_1.fq.gz	/mnt/inaisfs/home/wangyunsheng/wangyunsheng/work/chilo/reseq/fq/lab_seq/WH_W_10_2.fq.gz
WH_W_1	lab	WH_W	wateroat	WH	/mnt/inaisfs/home/wangyunsheng/wangyunsheng/work/chilo/reseq/fq/lab_seq/WH_W_1_1.fq.gz	/mnt/inaisfs/home/wangyunsheng/wangyunsheng/work/chilo/reseq/fq/lab_seq/WH_W_1_2.fq.gz
WH_W_2	lab	WH_W	wateroat	WH	/mnt/inaisfs/home/wangyunsheng/wangyunsheng/work/chilo/reseq/fq/lab_seq/WH_W_2_1.fq.gz	/mnt/inaisfs/home/wangyunsheng/wangyunsheng/work/chilo/reseq/fq/lab_seq/WH_W_2_2.fq.gz
WH_W_3	lab	WH_W	wateroat	WH	/mnt/inaisfs/home/wangyunsheng/wangyunsheng/work/chilo/reseq/fq/lab_seq/WH_W_3_1.fq.gz	/mnt/inaisfs/home/wangyunsheng/wangyunsheng/work/chilo/reseq/fq/lab_seq/WH_W_3_2.fq.gz
WH_W_4	lab	WH_W	wateroat	WH	/mnt/inaisfs/home/wangyunsheng/wangyunsheng/work/chilo/reseq/fq/lab_seq/WH_W_4_1.fq.gz	/mnt/inaisfs/home/wangyunsheng/wangyunsheng/work/chilo/reseq/fq/lab_seq/WH_W_4_2.fq.gz
WH_W_5	lab	WH_W	wateroat	WH	/mnt/inaisfs/home/wangyunsheng/wangyunsheng/work/chilo/reseq/fq/lab_seq/WH_W_5_1.fq.gz	/mnt/inaisfs/home/wangyunsheng/wangyunsheng/work/chilo/reseq/fq/lab_seq/WH_W_5_2.fq.gz
WH_W_6	lab	WH_W	wateroat	WH	/mnt/inaisfs/home/wangyunsheng/wangyunsheng/work/chilo/reseq/fq/lab_seq/WH_W_6_1.fq.gz	/mnt/inaisfs/home/wangyunsheng/wangyunsheng/work/chilo/reseq/fq/lab_seq/WH_W_6_2.fq.gz
WH_W_7	lab	WH_W	wateroat	WH	/mnt/inaisfs/home/wangyunsheng/wangyunsheng/work/chilo/reseq/fq/lab_seq/WH_W_7_1.fq.gz	/mnt/inaisfs/home/wangyunsheng/wangyunsheng/work/chilo/reseq/fq/lab_seq/WH_W_7_2.fq.gz
WH_W_8	lab	WH_W	wateroat	WH	/mnt/inaisfs/home/wangyunsheng/wangyunsheng/work/chilo/reseq/fq/lab_seq/WH_W_8_1.fq.gz	/mnt/inaisfs/home/wangyunsheng/wangyunsheng/work/chilo/reseq/fq/lab_seq/WH_W_8_2.fq.gz
WH_W_9	lab	WH_W	wateroat	WH	/mnt/inaisfs/home/wangyunsheng/wangyunsheng/work/chilo/reseq/fq/lab_seq/WH_W_9_1.fq.gz	/mnt/inaisfs/home/wangyunsheng/wangyunsheng/work/chilo/reseq/fq/lab_seq/WH_W_9_2.fq.gz
SAMN01797446	sra	SRA	rice	NA	/mnt/inaisfs/home/wangyunsheng/wangyunsheng/work/chilo/reseq/fq/sra/SAMN01797446_R1.fastq.gz	/mnt/inaisfs/home/wangyunsheng/wangyunsheng/work/chilo/reseq/fq/sra/SAMN01797446_R2.fastq.gz
SAMN10449037	sra	SRA	rice	China:Hubei	/mnt/inaisfs/home/wangyunsheng/wangyunsheng/work/chilo/reseq/fq/sra/SAMN10449037_R1.fastq.gz	/mnt/inaisfs/home/wangyunsheng/wangyunsheng/work/chilo/reseq/fq/sra/SAMN10449037_R2.fastq.gz
SAMN10449038	sra	SRA	rice	China:Hubei	/mnt/inaisfs/home/wangyunsheng/wangyunsheng/work/chilo/reseq/fq/sra/SAMN10449038_R1.fastq.gz	/mnt/inaisfs/home/wangyunsheng/wangyunsheng/work/chilo/reseq/fq/sra/SAMN10449038_R2.fastq.gz
SAMN10449070	sra	SRA	rice	China:Hubei	/mnt/inaisfs/home/wangyunsheng/wangyunsheng/work/chilo/reseq/fq/sra/SAMN10449070_R1.fastq.gz	/mnt/inaisfs/home/wangyunsheng/wangyunsheng/work/chilo/reseq/fq/sra/SAMN10449070_R2.fastq.gz
SAMN10449071	sra	SRA	rice	China:Hubei	/mnt/inaisfs/home/wangyunsheng/wangyunsheng/work/chilo/reseq/fq/sra/SAMN10449071_R1.fastq.gz	/mnt/inaisfs/home/wangyunsheng/wangyunsheng/work/chilo/reseq/fq/sra/SAMN10449071_R2.fastq.gz
SAMN10449073	sra	SRA	rice	China:Hubei	/mnt/inaisfs/home/wangyunsheng/wangyunsheng/work/chilo/reseq/fq/sra/SAMN10449073_R1.fastq.gz	/mnt/inaisfs/home/wangyunsheng/wangyunsheng/work/chilo/reseq/fq/sra/SAMN10449073_R2.fastq.gz
SAMN10449075	sra	SRA	rice	China:Hubei	/mnt/inaisfs/home/wangyunsheng/wangyunsheng/work/chilo/reseq/fq/sra/SAMN10449075_R1.fastq.gz	/mnt/inaisfs/home/wangyunsheng/wangyunsheng/work/chilo/reseq/fq/sra/SAMN10449075_R2.fastq.gz
SAMN37207889	sra	SRA	rice	China: Fuzhou	/mnt/inaisfs/home/wangyunsheng/wangyunsheng/work/chilo/reseq/fq/sra/SAMN37207889_R1.fastq.gz	/mnt/inaisfs/home/wangyunsheng/wangyunsheng/work/chilo/reseq/fq/sra/SAMN37207889_R2.fastq.gz
SAMN37207890	sra	SRA	rice	China: Fuzhou	/mnt/inaisfs/home/wangyunsheng/wangyunsheng/work/chilo/reseq/fq/sra/SAMN37207890_R1.fastq.gz	/mnt/inaisfs/home/wangyunsheng/wangyunsheng/work/chilo/reseq/fq/sra/SAMN37207890_R2.fastq.gz
SAMN37207891	sra	SRA	rice	China: Fuzhou	/mnt/inaisfs/home/wangyunsheng/wangyunsheng/work/chilo/reseq/fq/sra/SAMN37207891_R1.fastq.gz	/mnt/inaisfs/home/wangyunsheng/wangyunsheng/work/chilo/reseq/fq/sra/SAMN37207891_R2.fastq.gz
SAMN37207892	sra	SRA	rice	China: Fuzhou	/mnt/inaisfs/home/wangyunsheng/wangyunsheng/work/chilo/reseq/fq/sra/SAMN37207892_R1.fastq.gz	/mnt/inaisfs/home/wangyunsheng/wangyunsheng/work/chilo/reseq/fq/sra/SAMN37207892_R2.fastq.gz
SAMN37207893	sra	SRA	rice	China: Fuzhou	/mnt/inaisfs/home/wangyunsheng/wangyunsheng/work/chilo/reseq/fq/sra/SAMN37207893_R1.fastq.gz	/mnt/inaisfs/home/wangyunsheng/wangyunsheng/work/chilo/reseq/fq/sra/SAMN37207893_R2.fastq.gz
SAMN37207894	sra	SRA	rice	China: Fuzhou	/mnt/inaisfs/home/wangyunsheng/wangyunsheng/work/chilo/reseq/fq/sra/SAMN37207894_R1.fastq.gz	/mnt/inaisfs/home/wangyunsheng/wangyunsheng/work/chilo/reseq/fq/sra/SAMN37207894_R2.fastq.gz
SAMN37207895	sra	SRA	rice	China: Fuzhou	/mnt/inaisfs/home/wangyunsheng/wangyunsheng/work/chilo/reseq/fq/sra/SAMN37207895_R1.fastq.gz	/mnt/inaisfs/home/wangyunsheng/wangyunsheng/work/chilo/reseq/fq/sra/SAMN37207895_R2.fastq.gz
SAMN37207896	sra	SRA	rice	China: Fuzhou	/mnt/inaisfs/home/wangyunsheng/wangyunsheng/work/chilo/reseq/fq/sra/SAMN37207896_R1.fastq.gz	/mnt/inaisfs/home/wangyunsheng/wangyunsheng/work/chilo/reseq/fq/sra/SAMN37207896_R2.fastq.gz
SAMN37207897	sra	SRA	rice	China: Fuzhou	/mnt/inaisfs/home/wangyunsheng/wangyunsheng/work/chilo/reseq/fq/sra/SAMN37207897_R1.fastq.gz	/mnt/inaisfs/home/wangyunsheng/wangyunsheng/work/chilo/reseq/fq/sra/SAMN37207897_R2.fastq.gz
SAMN37207898	sra	SRA	rice	China: Fuzhou	/mnt/inaisfs/home/wangyunsheng/wangyunsheng/work/chilo/reseq/fq/sra/SAMN37207898_R1.fastq.gz	/mnt/inaisfs/home/wangyunsheng/wangyunsheng/work/chilo/reseq/fq/sra/SAMN37207898_R2.fastq.gz
SAMN37207899	sra	SRA	rice	China: Harbin	/mnt/inaisfs/home/wangyunsheng/wangyunsheng/work/chilo/reseq/fq/sra/SAMN37207899_R1.fastq.gz	/mnt/inaisfs/home/wangyunsheng/wangyunsheng/work/chilo/reseq/fq/sra/SAMN37207899_R2.fastq.gz
SAMN37207900	sra	SRA	rice	China: Harbin	/mnt/inaisfs/home/wangyunsheng/wangyunsheng/work/chilo/reseq/fq/sra/SAMN37207900_R1.fastq.gz	/mnt/inaisfs/home/wangyunsheng/wangyunsheng/work/chilo/reseq/fq/sra/SAMN37207900_R2.fastq.gz
SAMN37207901	sra	SRA	rice	China: Harbin	/mnt/inaisfs/home/wangyunsheng/wangyunsheng/work/chilo/reseq/fq/sra/SAMN37207901_R1.fastq.gz	/mnt/inaisfs/home/wangyunsheng/wangyunsheng/work/chilo/reseq/fq/sra/SAMN37207901_R2.fastq.gz
SAMN37207902	sra	SRA	rice	China: Harbin	/mnt/inaisfs/home/wangyunsheng/wangyunsheng/work/chilo/reseq/fq/sra/SAMN37207902_R1.fastq.gz	/mnt/inaisfs/home/wangyunsheng/wangyunsheng/work/chilo/reseq/fq/sra/SAMN37207902_R2.fastq.gz
SAMN37207903	sra	SRA	rice	China: Harbin	/mnt/inaisfs/home/wangyunsheng/wangyunsheng/work/chilo/reseq/fq/sra/SAMN37207903_R1.fastq.gz	/mnt/inaisfs/home/wangyunsheng/wangyunsheng/work/chilo/reseq/fq/sra/SAMN37207903_R2.fastq.gz
SAMN37207904	sra	SRA	rice	China: Changde	/mnt/inaisfs/home/wangyunsheng/wangyunsheng/work/chilo/reseq/fq/sra/SAMN37207904_R1.fastq.gz	/mnt/inaisfs/home/wangyunsheng/wangyunsheng/work/chilo/reseq/fq/sra/SAMN37207904_R2.fastq.gz
SAMN37207905	sra	SRA	rice	China: Changde	/mnt/inaisfs/home/wangyunsheng/wangyunsheng/work/chilo/reseq/fq/sra/SAMN37207905_R1.fastq.gz	/mnt/inaisfs/home/wangyunsheng/wangyunsheng/work/chilo/reseq/fq/sra/SAMN37207905_R2.fastq.gz
SAMN37207906	sra	SRA	rice	China: Changde	/mnt/inaisfs/home/wangyunsheng/wangyunsheng/work/chilo/reseq/fq/sra/SAMN37207906_R1.fastq.gz	/mnt/inaisfs/home/wangyunsheng/wangyunsheng/work/chilo/reseq/fq/sra/SAMN37207906_R2.fastq.gz
SAMN37207907	sra	SRA	rice	China: Changde	/mnt/inaisfs/home/wangyunsheng/wangyunsheng/work/chilo/reseq/fq/sra/SAMN37207907_R1.fastq.gz	/mnt/inaisfs/home/wangyunsheng/wangyunsheng/work/chilo/reseq/fq/sra/SAMN37207907_R2.fastq.gz
SAMN37207908	sra	SRA	rice	China: Changde	/mnt/inaisfs/home/wangyunsheng/wangyunsheng/work/chilo/reseq/fq/sra/SAMN37207908_R1.fastq.gz	/mnt/inaisfs/home/wangyunsheng/wangyunsheng/work/chilo/reseq/fq/sra/SAMN37207908_R2.fastq.gz
SAMN37207909	sra	SRA	rice	China: Changde	/mnt/inaisfs/home/wangyunsheng/wangyunsheng/work/chilo/reseq/fq/sra/SAMN37207909_R1.fastq.gz	/mnt/inaisfs/home/wangyunsheng/wangyunsheng/work/chilo/reseq/fq/sra/SAMN37207909_R2.fastq.gz
SAMN37207910	sra	SRA	rice	China: Changde	/mnt/inaisfs/home/wangyunsheng/wangyunsheng/work/chilo/reseq/fq/sra/SAMN37207910_R1.fastq.gz	/mnt/inaisfs/home/wangyunsheng/wangyunsheng/work/chilo/reseq/fq/sra/SAMN37207910_R2.fastq.gz
SAMN37207911	sra	SRA	rice	China: Changde	/mnt/inaisfs/home/wangyunsheng/wangyunsheng/work/chilo/reseq/fq/sra/SAMN37207911_R1.fastq.gz	/mnt/inaisfs/home/wangyunsheng/wangyunsheng/work/chilo/reseq/fq/sra/SAMN37207911_R2.fastq.gz
SAMN37207912	sra	SRA	rice	China: Changde	/mnt/inaisfs/home/wangyunsheng/wangyunsheng/work/chilo/reseq/fq/sra/SAMN37207912_R1.fastq.gz	/mnt/inaisfs/home/wangyunsheng/wangyunsheng/work/chilo/reseq/fq/sra/SAMN37207912_R2.fastq.gz
SAMN37207913	sra	SRA	rice	China: Changde	/mnt/inaisfs/home/wangyunsheng/wangyunsheng/work/chilo/reseq/fq/sra/SAMN37207913_R1.fastq.gz	/mnt/inaisfs/home/wangyunsheng/wangyunsheng/work/chilo/reseq/fq/sra/SAMN37207913_R2.fastq.gz
SAMN37207914	sra	SRA	rice	China: Siping	/mnt/inaisfs/home/wangyunsheng/wangyunsheng/work/chilo/reseq/fq/sra/SAMN37207914_R1.fastq.gz	/mnt/inaisfs/home/wangyunsheng/wangyunsheng/work/chilo/reseq/fq/sra/SAMN37207914_R2.fastq.gz
SAMN37207915	sra	SRA	rice	China: Siping	/mnt/inaisfs/home/wangyunsheng/wangyunsheng/work/chilo/reseq/fq/sra/SAMN37207915_R1.fastq.gz	/mnt/inaisfs/home/wangyunsheng/wangyunsheng/work/chilo/reseq/fq/sra/SAMN37207915_R2.fastq.gz
SAMN37207916	sra	SRA	rice	China: Siping	/mnt/inaisfs/home/wangyunsheng/wangyunsheng/work/chilo/reseq/fq/sra/SAMN37207916_R1.fastq.gz	/mnt/inaisfs/home/wangyunsheng/wangyunsheng/work/chilo/reseq/fq/sra/SAMN37207916_R2.fastq.gz
SAMN37207917	sra	SRA	rice	China: Siping	/mnt/inaisfs/home/wangyunsheng/wangyunsheng/work/chilo/reseq/fq/sra/SAMN37207917_R1.fastq.gz	/mnt/inaisfs/home/wangyunsheng/wangyunsheng/work/chilo/reseq/fq/sra/SAMN37207917_R2.fastq.gz
SAMN37207918	sra	SRA	rice	China: Siping	/mnt/inaisfs/home/wangyunsheng/wangyunsheng/work/chilo/reseq/fq/sra/SAMN37207918_R1.fastq.gz	/mnt/inaisfs/home/wangyunsheng/wangyunsheng/work/chilo/reseq/fq/sra/SAMN37207918_R2.fastq.gz
