sample	nonhost_reads	mapped_primary	ambiguous_mapq0	uniqA	uniqB	B_fraction	breadthA	breadthB	depthA_covered	depthB_covered	winA_10kb	winB_10kb	pct_winA	pct_winB
AQ_R_12	5580794	28225	3973	12685	11237	0.4697	0.646323	0.582016	2.13	2.07	134	139	98.5	100.7
AQ_R_13	1154216	6237	972	2759	2401	0.4653	0.209025	0.184167	1.41	1.38	133	137	97.8	99.3
AQ_R_2	763479	1770	309	447	981	0.6870	0.038391	0.081473	1.25	1.29	109	133	80.1	96.4
AQ_R_6	4909455	9991	1754	2275	5849	0.7200	0.183338	0.382459	1.34	1.63	134	139	98.5	100.7
AQ_R_8	12340807	97856	11347	64858	20614	0.2412	0.912416	0.729357	7.64	3.00	135	139	99.3	100.7
AQ_R_9	5394854	73677	7336	56280	9311	0.1420	0.909316	0.524826	6.69	1.89	135	139	99.3	100.7
AQ_W_1	1789661	2678	345	1296	1003	0.4363	0.110914	0.084082	1.27	1.27	133	135	97.8	97.8
CD_R_10	9945316	43982	7563	12687	22983	0.6443	0.595462	0.720726	2.18	3.23	134	139	98.5	100.7
CD_R_2	3741646	16476	2813	6668	6706	0.5014	0.394151	0.385723	1.77	1.80	135	139	99.3	100.7
CD_R_3	5013925	53177	8355	25198	18795	0.4272	0.784864	0.665156	3.30	2.85	135	139	99.3	100.7
CD_R_5	5714947	31919	5598	10455	15381	0.5953	0.513843	0.612061	2.07	2.54	135	139	99.3	100.7
CD_R_6	3638636	14337	2603	5415	6086	0.5292	0.349925	0.367310	1.65	1.74	133	139	97.8	100.7
CD_R_8	5931855	42282	6236	22730	12711	0.3587	0.755092	0.570819	3.17	2.31	135	139	99.3	100.7
CD_W_1	4308855	36512	4152	26306	5594	0.1754	0.804862	0.358918	3.49	1.65	135	138	99.3	100.0
HC_W_9	8959931	4235	399	2705	287	0.0959	0.139251	0.007581	1.95	3.14	125	47	91.9	34.1
HH_R_7	937600	5593	404	5150	0	0.0000	0.341551	0.000000	1.67	0.00	134	0	98.5	0.0
HR_R_2	4039889	13401	2446	4237	6489	0.6050	0.253865	0.350785	1.70	1.87	133	139	97.8	100.7
HR_R_6	5383398	21000	3834	7248	9594	0.5696	0.380351	0.449622	1.91	2.13	134	139	98.5	100.7
HR_R_9	4028268	16574	2901	6429	6988	0.5208	0.355680	0.363232	1.82	1.91	134	139	98.5	100.7
HR_W_10	9110743	13586	2343	4919	6082	0.5529	0.281994	0.334724	1.76	1.82	135	139	99.3	100.7
HR_W_4	1312945	6845	1123	3189	2414	0.4308	0.231167	0.177425	1.47	1.43	133	137	97.8	99.3
HZ_R_10	545444	1489	128	1327	18	0.0134	0.091390	0.001405	1.59	1.40	130	7	95.6	5.1
HZ_R_4	694228	3410	274	3114	5	0.0016	0.208220	0.000384	1.65	1.16	134	3	98.5	2.2
HZ_R_5	719525	16832	1293	15325	30	0.0020	0.655986	0.002353	2.58	1.36	135	14	99.3	10.1
NC2025_R_1	8789984	58172	8245	28689	20531	0.4171	0.847723	0.729679	3.64	2.99	135	139	99.3	100.7
NC2025_R_3	378386	316	30	240	35	0.1273	0.020433	0.002986	1.27	1.24	86	18	63.2	13.0
NC2025_R_6	9578406	286417	34214	185786	63427	0.2545	0.921752	0.845989	21.64	7.93	137	139	100.7	100.7
NL_R_4	1780889	3332	493	1416	1381	0.4937	0.115512	0.113657	1.32	1.29	133	137	97.8	99.3
NL_R_5	4810350	32958	4738	14064	13748	0.4943	0.671389	0.634603	2.26	2.32	134	139	98.5	100.7
NL_R_6	370159	516	74	266	169	0.3885	0.022389	0.013818	1.26	1.26	89	67	65.4	48.6
NL_R_9	6611499	9131	1922	24	7049	0.9966	0.001661	0.426627	1.43	1.76	9	139	6.6	100.7
NL_W_14	878521	2683	508	540	1598	0.7474	0.047114	0.130748	1.24	1.30	116	136	85.3	98.6
PYH_R_10	1081729	20556	1691	17428	1250	0.0669	0.713340	0.100816	2.70	1.35	135	135	99.3	97.8
PYH_R_3	678773	3	2	0	0	-1.0000	0.000000	0.000000	0.00	0.00	0	0	0.0	0.0
AQ_R_3	296605	158	17	124	6	0.0462	0.011522	0.000498	1.15	1.16	49	3	36.0	2.2
SAMN10449037	346222	219	81	10	0	0.0000	0.000198	0.000000	3.06	0.00	3	0	2.2	0.0
SAMN37207899	2087731	461	252	4	32	0.8889	0.000115	0.000386	1.92	4.53	1	2	0.7	1.4
SAMN37207901	2181876	471	301	0	22	1.0000	0.000000	0.000331	0.00	3.85	0	1	0.0	0.7
SAMN37207903	1923413	447	247	1	31	0.9688	0.000066	0.000401	1.00	4.42	1	2	0.7	1.4
SAMN37207917	4378964	890	481	2	50	0.9615	0.000123	0.000328	1.76	9.97	1	2	0.7	1.4
