pair,wMel,wRi,wPip,wVitB,max
ptg000091l | ptg000120l,13592,27228,7283,16379,27228
ptg000091l | ptg000122l,56203,70405,54280,67367,70405
ptg000091l | ptg000133l,56841,58910,49284,58314,58910
ptg000091l | ptg000134l,247489,324329,179784,298702,324329
ptg000091l | ptg000135l,48501,53484,29246,54270,54270
ptg000091l | ptg000140l,9904,9731,9441,9747,9904
ptg000091l | ptg000147l,19146,5911,9467,12347,19146
ptg000120l | ptg000133l,0,564,679,774,774
ptg000120l | ptg000134l,0,1918,0,0,1918
ptg000120l | ptg000147l,7947,2158,1020,5132,7947
ptg000122l | ptg000133l,0,0,0,392,392
ptg000122l | ptg000134l,3878,29901,0,784,29901
ptg000122l | ptg000135l,0,0,0,392,392
ptg000122l | ptg000147l,2296,2296,0,0,2296
ptg000133l | ptg000134l,0,0,630,784,784
ptg000133l | ptg000135l,0,1078,0,392,1078
ptg000133l | ptg000140l,1540,1460,0,0,1540
ptg000133l | ptg000147l,3131,0,3232,2369,3232
ptg000134l | ptg000135l,4943,1851,0,784,4943
ptg000135l | ptg000147l,0,961,0,0,961
