start,end,idA,idB,favours,run
1,20000,0.8898,0.9411,B,1
20001,40000,0.8444,0.8298,A,2
40001,60000,0.8453,0.8632,B,3
60001,80000,0.8634,0.7803,A,4
80001,100000,0.8874,0.9587,B,5
100001,120000,0.9393,0.8211,A,6
120001,140000,0.8101,0.7435,A,6
140001,160000,0.7927,0.6861,A,6
160001,180000,0.8197,0.9689,B,7
180001,200000,0.899,0.9882,B,7
200001,220000,0.8033,0.8735,B,7
220001,240000,0.9019,0.9919,B,7
240001,260000,0.77,0.8143,B,7
260001,280000,0.8693,0.845,A,8
280001,300000,0.8419,0.8597,B,9
300001,320000,0.8861,0.6821,A,10
320001,340000,0.8316,0.9665,B,11
340001,360000,0.8779,0.9743,B,11
360001,380000,0.8636,0.9836,B,11
380001,400000,0.8976,0.6423,A,12
400001,420000,0.861,0.9865,B,13
420001,440000,0.8342,0.9033,B,13
440001,460000,0.8942,0.8642,A,14
460001,480000,0.8836,0.9562,B,15
480001,500000,0.89,0.9085,B,15
500001,520000,0.8662,0.9575,B,15
520001,540000,0.8992,0.9903,B,15
540001,560000,0.8634,0.7821,A,16
560001,580000,0.8509,0.9596,B,17
580001,600000,0.8719,0.851,A,18
600001,620000,0.8613,0.9831,B,19
620001,640000,0.9045,0.9806,B,19
640001,660000,0.8647,0.8182,A,20
660001,680000,0.803,0.9798,B,21
680001,700000,0.88,0.9987,B,21
700001,720000,0.7802,0.9037,B,21
720001,740000,0.8292,0.7758,A,22
740001,760000,0.8879,0.8906,B,23
760001,780000,0.8393,0.8577,B,23
780001,800000,0.6022,0.7591,B,23
800001,820000,0.8605,0.9943,B,23
820001,840000,0.7866,0.8608,B,23
840001,860000,0.8774,0.9723,B,23
860001,880000,0.845,0.8994,B,23
880001,900000,0.8583,0.9385,B,23
900001,920000,0.8447,0.9831,B,23
920001,940000,0.8914,0.9103,B,23
940001,960000,0.8434,0.9378,B,23
960001,980000,0.8876,0.6113,A,24
980001,1000000,0.8217,0.8803,B,25
1000001,1020000,0.9898,0.9909,B,25
1020001,1040000,0.9295,0.9564,B,25
1040001,1060000,0.8436,0.9043,B,25
1060001,1080000,0.9313,0.7914,A,26
1080001,1081587,0.9596,0.9827,B,27
