sample,geo,host_plant,wolb_strain,wolb_rpm,nonhost,wolb_reads,G,exp_cov,exp_breadth,wolb_breadth,U,para_frac,para_pos,wolb_pos,reclassified
AQ_R_10,AQ,rice,NZ_CM003641.1,65.14,491270,32.001328,1133809.0,0.003884,0.003876,0.0008,0.206389,0.001954,0,0,False
AQ_R_11,AQ,rice,NC_002978.6,103.41,502840,51.998684,1267782.0,0.005644,0.005628,0.0032,0.568602,0.012197,0,0,False
AQ_R_12,AQ,rice,NC_002978.6,1741.33,11161588,19436.008032,1267782.0,2.109507,0.878702,0.7146,0.813245,0.931101,1,1,False
AQ_R_13,AQ,rice,NC_002978.6,1836.31,2308432,4238.996766,1267782.0,0.460084,0.368769,0.2802,0.759825,0.950042,1,1,False
AQ_R_14,AQ,rice,NZ_CM003641.1,163.39,1805514,295.002932,1133809.0,0.035802,0.035168,0.0031,0.088147,0.003268,0,0,False
AQ_R_15,AQ,rice,NZ_CM003641.1,87.53,731162,63.99861,1133809.0,0.007767,0.007737,0.0017,0.219728,0.003567,0,0,False
AQ_R_1,AQ,rice,NC_002978.6,29.18,582666,17.002194,1267782.0,0.001845,0.001844,0.0005,0.271201,0.002801,0,0,False
AQ_R_2,AQ,rice,NZ_CM003641.1,714.49,1526958,1090.996221,1133809.0,0.132404,0.124013,0.1009,0.813623,0.924102,1,1,False
AQ_R_3,AQ,rice,NC_002978.6,259.6,593210,153.997316,1267782.0,0.016714,0.016575,0.0116,0.699835,0.009784,0,0,False
AQ_R_4,AQ,rice,NC_010981.1,69.5,446068,31.001726,1482455.0,0.002878,0.002873,0.0009,0.313216,0.004302,0,0,False
AQ_R_5,AQ,rice,NZ_CM003641.1,54.4,680108,36.997875,1133809.0,0.00449,0.00448,0.0012,0.267856,0.011061,0,0,False
AQ_R_6,AQ,rice,NZ_CM003641.1,620.54,9818910,6093.026411,1133809.0,0.739455,0.522626,0.4246,0.812436,0.907503,1,1,False
AQ_R_7,AQ,rice,NC_010981.1,59.91,83452,4.999609,1482455.0,0.000464,0.000464,0.0004,0.86216,0.000959,0,0,False
AQ_R_8,AQ,rice,NC_002978.6,3022.86,24681614,74609.063696,1267782.0,8.09777,0.999696,0.8769,0.877167,0.965919,1,1,False
AQ_R_9,AQ,rice,NC_002978.6,5478.46,10789708,59110.98369,1267782.0,6.41567,0.998364,0.8695,0.870925,0.747783,1,1,False
AQ_W_10,AQ,wateroat,NZ_CM003641.1,25.07,598296,14.999281,1133809.0,0.00182,0.001819,0.0004,0.219941,0.002032,0,0,False
AQ_W_12,AQ,wateroat,NZ_CM003641.1,46.73,449346,20.997939,1133809.0,0.002548,0.002545,0.0005,0.196457,0.002052,0,0,False
AQ_W_13,AQ,wateroat,NC_002978.6,64.73,664326,43.001822,1267782.0,0.004667,0.004656,0.0011,0.236235,0.001791,0,0,False
AQ_W_14,AQ,wateroat,NZ_CM003641.1,15.44,518092,7.99934,1133809.0,0.000971,0.00097,0.0003,0.309171,0.001623,0,0,False
AQ_W_15,AQ,wateroat,NZ_CM003641.1,47.56,483630,23.001443,1133809.0,0.002791,0.002788,0.0005,0.179367,0.002026,0,0,False
AQ_W_1,AQ,wateroat,NC_002978.6,515.46,3579322,1844.997318,1267782.0,0.200249,0.181473,0.1474,0.812243,0.874665,1,1,False
AQ_W_2,AQ,wateroat,NC_002978.6,43.16,648822,28.003158,1267782.0,0.003039,0.003035,0.0005,0.164759,0.00189,0,0,False
AQ_W_3,AQ,wateroat,NZ_CM003641.1,38.56,492750,19.00044,1133809.0,0.002306,0.002303,0.0005,0.217084,0.001512,0,0,False
AQ_W_4,AQ,wateroat,NC_002978.6,40.24,844866,33.997408,1267782.0,0.00369,0.003683,0.0009,0.244356,0.000896,0,0,False
AQ_W_5,AQ,wateroat,NC_002978.6,52.57,570674,30.000332,1267782.0,0.003256,0.003251,0.0011,0.338376,0.001102,0,0,False
AQ_W_6,AQ,wateroat,NC_012416.1,56.47,708366,40.001428,1445873.0,0.003807,0.0038,0.0009,0.236867,0.001831,0,0,False
AQ_W_7,AQ,wateroat,NC_012416.1,51.81,521168,27.001714,1445873.0,0.00257,0.002566,0.0007,0.272757,0.001813,0,0,False
AQ_W_8,AQ,wateroat,NC_002978.6,54.23,73756,3.999788,1267782.0,0.000434,0.000434,0.0002,0.460801,0.002183,0,0,False
AQ_W_9,AQ,wateroat,NC_002978.6,66.35,587836,39.002919,1267782.0,0.004233,0.004224,0.0007,0.165709,0.001652,0,0,False
CD_R_10,CD,rice,NZ_CM003641.1,1276.58,19890632,25391.982999,1133809.0,3.081592,0.954114,0.7519,0.788061,0.952441,1,1,False
CD_R_1,CD,rice,NC_002978.6,79.0,582266,45.999014,1267782.0,0.004993,0.00498,0.0032,0.642556,0.013171,0,0,False
CD_R_2,CD,rice,NC_002978.6,1479.96,7483292,11074.972828,1267782.0,1.202033,0.699418,0.503,0.71917,0.898622,1,1,False
CD_R_3,CD,rice,NC_002978.6,3559.79,10027850,35697.040152,1267782.0,3.874414,0.979234,0.8017,0.818702,0.86797,1,1,False
CD_R_4,CD,rice,NZ_CM003641.1,104.33,642202,67.000935,1133809.0,0.008131,0.008098,0.0052,0.642109,0.052955,0,0,False
CD_R_5,CD,rice,NZ_CM003641.1,1586.1,11429894,18128.954873,1133809.0,2.200145,0.889213,0.6741,0.758086,0.905783,1,1,False
CD_R_6,CD,rice,NC_002978.6,1311.07,7277272,9541.013001,1267782.0,1.035543,0.644967,0.4629,0.717712,0.921694,1,1,False
CD_R_7,CD,rice,NC_002978.6,142.39,1116688,159.005204,1267782.0,0.017258,0.01711,0.001,0.058446,0.00279,0,0,False
CD_R_8,CD,rice,NC_002978.6,2570.61,11863710,30496.971563,1267782.0,3.31002,0.963485,0.7677,0.796795,0.918341,1,1,False
CD_R_9,CD,rice,NC_002978.6,94.77,844186,80.003507,1267782.0,0.008683,0.008646,0.0016,0.185064,0.012451,0,0,False
CD_W_10,CD,wateroat,NC_002978.6,3.31,8454090,27.983038,1267782.0,0.003037,0.003033,0.0011,0.36273,0.002168,0,0,False
CD_W_1,CD,wateroat,NC_002978.6,3374.21,8617710,29077.963259,1267782.0,3.156006,0.957404,0.7897,0.824834,0.910083,1,1,False
CD_W_2,CD,wateroat,NZ_CM003641.1,49.31,709848,35.002605,1133809.0,0.004248,0.004239,0.0012,0.28309,0.003504,0,0,False
CD_W_3,CD,wateroat,NC_002978.6,22.37,134126,3.000399,1267782.0,0.000326,0.000326,0.0001,0.307127,0.001074,0,0,False
CD_W_4,CD,wateroat,NC_002978.6,103.46,376940,38.998212,1267782.0,0.004233,0.004224,0.0028,0.662916,0.010636,0,0,False
CD_W_5,CD,wateroat,NC_002978.6,77.07,544980,42.001609,1267782.0,0.004559,0.004548,0.0019,0.417737,0.004477,0,0,False
CD_W_6,CD,wateroat,NC_002978.6,34.91,658816,22.999267,1267782.0,0.002496,0.002493,0.0012,0.481322,0.004576,0,0,False
CD_W_7,CD,wateroat,NC_002978.6,38.69,646132,24.998847,1267782.0,0.002713,0.00271,0.0014,0.516682,0.005169,0,0,False
CD_W_8,CD,wateroat,NC_002978.6,75.48,834616,62.996816,1267782.0,0.006837,0.006814,0.0039,0.572343,0.006585,0,0,False
CD_W_9,CD,wateroat,NC_012416.1,126.04,2531024,319.010265,1445873.0,0.030359,0.029903,0.0015,0.050162,0.001532,0,0,False
HC23_W_1,HC23,wateroat,NC_002978.6,12.82,233926,2.998931,1267782.0,0.000325,0.000325,0.0001,0.307277,0.000586,0,0,False
HC23_W_2,HC23,wateroat,NC_012416.1,27.51,145396,3.999844,1445873.0,0.000381,0.000381,0.0002,0.52551,0.001059,0,0,False
HC23_W_6,HC23,wateroat,NC_002978.6,28.42,140742,3.999888,1267782.0,0.000434,0.000434,0.0002,0.46079,0.003666,0,0,False
HC23_W_8,HC23,wateroat,NC_002978.6,13.2,227228,2.99941,1267782.0,0.000326,0.000325,0.0001,0.307228,0.001932,0,0,False
HC_R_10,HC,rice,NZ_CM003641.1,69.98,785910,54.997982,1133809.0,0.006675,0.006652,0.0009,0.13529,0.000517,0,0,False
HC_R_1,HC,rice,NZ_CM003641.1,54.14,1606850,86.994859,1133809.0,0.010558,0.010502,0.001,0.095218,0.000559,0,0,False
HC_R_2,HC,rice,NZ_CM003641.1,54.13,240182,13.001052,1133809.0,0.001578,0.001577,0.0003,0.190286,0.000666,0,0,False
HC_R_3,HC,rice,NC_002978.6,39.94,450728,18.002076,1267782.0,0.001954,0.001952,0.0004,0.204922,0.000639,0,0,False
HC_R_4,HC,rice,NC_002978.6,11.62,172172,2.000639,1267782.0,0.000217,0.000217,0.0001,0.46058,0.000761,0,0,False
HC_R_6,HC,rice,NC_002978.6,27.77,216048,5.999653,1267782.0,0.000651,0.000651,0.0004,0.614471,0.00087,0,0,False
HC_R_7,HC,rice,NZ_CM003641.1,136.77,7918340,1082.991362,1133809.0,0.131433,0.123162,0.0033,0.026794,0.000172,0,0,False
HC_R_8,HC,rice,NZ_CM003641.1,74.09,7261464,538.001868,1133809.0,0.065292,0.063206,0.0019,0.03006,5.6e-05,0,0,False
HC_R_9,HC,rice,NC_002978.6,9.69,1651850,16.006426,1267782.0,0.001737,0.001736,0.0005,0.288057,0.000226,0,0,False
HC_W_10,HC,wateroat,NC_010981.1,46.39,754500,35.001255,1482455.0,0.003249,0.003244,0.0004,0.123323,0.000452,0,0,False
HC_W_1,HC,wateroat,NZ_CM003641.1,21.61,4997536,107.996753,1133809.0,0.013107,0.013021,0.0011,0.084479,0.002861,0,0,False
HC_W_2,HC,wateroat,NZ_CM003641.1,74.64,4957156,370.002124,1133809.0,0.044904,0.043911,0.0012,0.027328,0.00019,0,0,False
HC_W_3,HC,wateroat,NC_002978.6,83.15,5892906,489.995134,1267782.0,0.053182,0.051793,0.0034,0.065646,0.00019,0,0,False
HC_W_4,HC,wateroat,NZ_CM003641.1,61.31,2495678,153.010018,1133809.0,0.018569,0.018398,0.0011,0.059789,0.00033,0,0,False
HC_W_5,HC,wateroat,NZ_CM003641.1,74.54,10745538,800.972403,1133809.0,0.097207,0.092632,0.0016,0.017273,0.000126,0,0,False
HC_W_6,HC,wateroat,NZ_CM003641.1,73.65,7345582,541.002114,1133809.0,0.065656,0.063547,0.0018,0.028325,9.9e-05,0,0,False
HC_W_7,HC,wateroat,NC_002978.6,30.76,3674006,113.012425,1267782.0,0.012266,0.012191,0.0013,0.106636,0.000134,0,0,False
HC_W_8,HC,wateroat,NZ_CM003641.1,45.01,666550,30.001416,1133809.0,0.003641,0.003634,0.0008,0.22012,0.000444,0,0,False
HC_W_9,HC,wateroat,NC_002978.6,278.07,17919862,4982.976026,1267782.0,0.540832,0.417737,0.1848,0.442384,0.002442,1,1,False
HH_R_1,HH,rice,NZ_CM003641.1,36.28,137816,4.999964,1133809.0,0.000607,0.000607,0.0002,0.329698,0.00135,0,0,False
HH_R_2,HH,rice,NZ_CM003641.1,6.24,160286,1.000185,1133809.0,0.000121,0.000121,0.0001,0.823887,0.000686,0,0,False
HH_R_3,HH,rice,NC_012416.1,19.15,156632,2.999503,1445873.0,0.000285,0.000285,0.0001,0.350368,0.000766,0,0,False
HH_R_4,HH,rice,NC_002978.6,54.69,164552,8.999349,1267782.0,0.000977,0.000976,0.0002,0.20486,0.000899,0,0,False
HH_R_5,HH,rice,NC_002978.6,7.09,141088,1.000314,1267782.0,0.000109,0.000109,0.0001,0.921114,0.000638,0,0,False
HH_R_6,HH,rice,NC_010981.1,13.89,144006,2.000243,1482455.0,0.000186,0.000186,0.0001,0.538667,0.000597,0,0,False
HH_R_7,HH,rice,NC_002978.6,2542.13,1875200,4767.002176,1267782.0,0.517391,0.403927,0.326,0.807077,0.919771,1,1,False
HH_R_8,HH,rice,NC_012416.1,10.91,183366,2.000523,1445873.0,0.00019,0.00019,0.0001,0.525303,0.000927,0,0,False
HH_R_9,HH,rice,NZ_CM003641.1,53.65,223682,12.000539,1133809.0,0.001456,0.001455,0.0003,0.206138,0.000939,0,0,False
HH_W_10,HH,wateroat,NZ_CM003641.1,25.54,156644,4.000688,1133809.0,0.000486,0.000485,0.0002,0.412024,0.000753,0,0,False
HH_W_2,HH,wateroat,NC_002978.6,0.63,67971134,42.821814,1267782.0,0.004648,0.004637,0.0006,0.129396,0.008005,1,0,False
HH_W_3,HH,wateroat,NC_002978.6,2.85,1054264,3.004652,1267782.0,0.000326,0.000326,0.0002,0.613384,0.007117,1,0,False
HH_W_5,HH,wateroat,NZ_CM003641.1,0.86,64779568,55.710428,1133809.0,0.006761,0.006738,0.0012,0.178088,0.008299,1,0,False
HH_W_6,HH,wateroat,NC_002978.6,34.11,205216,6.999918,1267782.0,0.00076,0.000759,0.0003,0.39502,0.000697,0,0,False
HH_W_7,HH,wateroat,NZ_CM003641.1,17.04,176066,3.000165,1133809.0,0.000364,0.000364,0.0001,0.274698,0.000596,0,0,False
HH_W_9,HH,wateroat,NC_010981.1,46.9,191904,9.000298,1482455.0,0.000835,0.000835,0.0002,0.239507,0.000599,0,0,False
HR_R_10,HR,rice,NC_002978.6,21.12,710226,14.999973,1267782.0,0.001628,0.001627,0.0009,0.553263,0.012283,0,0,False
HR_R_2,HR,rice,NZ_CM003641.1,923.66,8079778,7462.967747,1133809.0,0.905712,0.595746,0.4168,0.699627,0.900907,1,1,False
HR_R_3,HR,rice,NC_002978.6,20.83,672078,13.999385,1267782.0,0.001519,0.001518,0.0005,0.329319,0.002314,0,0,False
HR_R_4,HR,rice,NC_002978.6,24.07,747910,18.002194,1267782.0,0.001954,0.001952,0.0014,0.717221,0.005248,0,0,False
HR_R_5,HR,rice,NC_002978.6,64.37,155356,10.000266,1267782.0,0.001085,0.001085,0.0002,0.184366,0.002002,0,0,False
HR_R_6,HR,rice,NZ_CM003641.1,1060.48,10766796,11417.971822,1133809.0,1.385695,0.74985,0.5397,0.719744,0.933477,1,1,False
HR_R_7,HR,rice,NC_002978.6,8.54,468236,3.998735,1267782.0,0.000434,0.000434,0.0002,0.460922,0.005177,0,0,False
HR_R_8,HR,rice,NC_002978.6,26.25,571452,15.000615,1267782.0,0.001628,0.001627,0.0006,0.368826,0.003437,0,0,False
HR_R_9,HR,rice,NC_002978.6,1300.19,8056536,10475.027542,1267782.0,1.136918,0.679194,0.4605,0.67801,0.923143,1,1,False
HR_W_10,HR,wateroat,NZ_CM003641.1,403.81,18221486,7358.018262,1133809.0,0.892975,0.590564,0.4148,0.702379,0.326236,1,1,False
HR_W_1,HR,wateroat,NC_002978.6,23.78,336374,7.998974,1267782.0,0.000868,0.000868,0.0005,0.57617,0.004697,0,0,False
HR_W_2,HR,wateroat,NZ_CM003641.1,30.7,162862,4.999863,1133809.0,0.000607,0.000607,0.0002,0.329705,0.003138,0,0,False
HR_W_3,HR,wateroat,NC_012416.1,33.68,118756,3.999702,1445873.0,0.000381,0.000381,0.0002,0.525529,0.002914,0,0,False
HR_W_4,HR,wateroat,NC_002978.6,1878.6,2625890,4932.996954,1267782.0,0.535408,0.41457,0.3026,0.729914,0.930969,1,1,False
HR_W_5,HR,wateroat,NC_002978.6,81.3,184508,15.0005,1267782.0,0.001628,0.001627,0.0003,0.184415,0.001447,0,0,False
HR_W_6,HR,wateroat,NC_002978.6,23.88,628068,14.998264,1267782.0,0.001628,0.001627,0.0009,0.553326,0.005939,0,0,False
HR_W_7,HR,wateroat,NC_002978.6,58.34,102840,5.999686,1267782.0,0.000651,0.000651,0.0003,0.460851,0.001527,0,0,False
HR_W_8,HR,wateroat,NC_012416.1,2.95,10851732,32.012609,1445873.0,0.003047,0.003042,0.0011,0.361614,0.002011,0,0,False
HR_W_9,HR,wateroat,NC_002978.6,13.74,18188642,249.911941,1267782.0,0.027124,0.02676,0.0199,0.743651,0.007067,0,0,False
HZ_R_10,HZ,rice,NC_002978.6,1147.69,1090888,1252.001249,1267782.0,0.135887,0.127059,0.0889,0.699675,0.802841,1,1,False
HZ_R_1,HZ,rice,NZ_CM003641.1,14.42,277380,3.99982,1133809.0,0.000485,0.000485,0.0002,0.412113,0.001925,0,0,False
HZ_R_2,HZ,rice,NC_002978.6,12.39,564906,6.999185,1267782.0,0.00076,0.000759,0.0001,0.131687,0.003268,0,0,False
HZ_R_3,HZ,rice,NC_002978.6,22.78,175588,3.999895,1267782.0,0.000434,0.000434,0.0001,0.230394,0.000615,0,0,False
HZ_R_4,HZ,rice,NC_002978.6,2039.68,1388456,2832.005934,1267782.0,0.307375,0.264625,0.1971,0.744828,0.758924,1,1,False
HZ_R_5,HZ,rice,NC_002978.6,9989.23,1439050,14375.001432,1267782.0,1.560205,0.789907,0.6264,0.793005,0.844514,1,1,False
HZ_R_7,HZ,rice,NC_002978.6,57.28,209482,11.999129,1267782.0,0.001302,0.001301,0.0003,0.230505,0.000754,0,0,False
HZ_R_8,HZ,rice,NZ_CM003641.1,18.41,217252,3.999609,1133809.0,0.000485,0.000485,0.0003,0.618202,0.00075,0,0,False
HZ_R_9,HZ,rice,NZ_CM003641.1,50.7,177516,9.000061,1133809.0,0.001092,0.001092,0.0003,0.274811,0.019993,0,0,False
NC2025_R_10,NC2025,rice,NZ_CM003641.1,51.58,891752,45.996568,1133809.0,0.005582,0.005567,0.0014,0.251499,0.002541,0,0,False
NC2025_R_1,NC2025,rice,NC_002978.6,2312.8,17579968,40658.94999,1267782.0,4.41296,0.987881,0.8392,0.849495,0.951295,1,1,False
NC2025_R_2,NC2025,rice,NC_002978.6,32.2,434762,13.999336,1267782.0,0.001519,0.001518,0.0007,0.461049,0.005716,0,0,False
NC2025_R_3,NC2025,rice,NC_002978.6,363.39,756772,275.003377,1267782.0,0.029848,0.029407,0.0239,0.812739,0.283018,1,0,True
NC2025_R_4,NC2025,rice,NC_012416.1,32.48,554244,18.001845,1445873.0,0.001713,0.001712,0.0009,0.525786,0.00524,0,0,False
NC2025_R_5,NC2025,rice,NC_002978.6,48.84,470934,23.000417,1267782.0,0.002496,0.002493,0.0018,0.721946,0.006353,0,0,False
NC2025_R_6,NC2025,rice,NC_002978.6,11364.83,19156812,217713.911722,1267782.0,23.629799,1.0,0.8883,0.8883,0.945709,1,1,False
NC2025_R_7,NC2025,rice,NC_012416.1,29.31,375268,10.999105,1445873.0,0.001047,0.001046,0.0006,0.573499,0.004189,0,0,False
NC2025_R_8,NC2025,rice,NZ_CM003641.1,22.41,490782,10.998425,1133809.0,0.001335,0.001334,0.0005,0.374844,0.005565,0,0,False
NC2025_R_9,NC2025,rice,NC_002978.6,24.81,564398,14.002714,1267782.0,0.00152,0.001519,0.0006,0.395089,0.0027,0,0,False
NL_R_10,NL,rice,NC_002978.6,33.11,453078,15.001413,1267782.0,0.001628,0.001627,0.0005,0.307339,0.004105,0,0,False
NL_R_11,NL,rice,NC_002978.6,22.64,529944,11.997932,1267782.0,0.001302,0.001301,0.0004,0.307371,0.002519,0,0,False
NL_R_12,NL,rice,NC_002978.6,26.13,382650,9.998644,1267782.0,0.001085,0.001085,0.0005,0.460989,0.016284,0,0,False
NL_R_13,NL,rice,NC_012416.1,14.12,424808,5.998289,1445873.0,0.000571,0.000571,0.0003,0.52569,0.003821,0,0,False
NL_R_14,NL,rice,NC_002978.6,58.21,515382,30.000386,1267782.0,0.003256,0.003251,0.0007,0.21533,0.002769,0,0,False
NL_R_15,NL,rice,NC_002978.6,37.02,486176,17.998236,1267782.0,0.001953,0.001952,0.001,0.512413,0.011708,0,0,False
NL_R_1,NL,rice,NC_002978.6,8.36,478494,4.00021,1267782.0,0.000434,0.000434,0.0004,0.921505,0.002362,0,0,False
NL_R_2,NL,rice,NC_002978.6,25.11,597462,15.002271,1267782.0,0.001628,0.001627,0.0007,0.43025,0.00365,0,0,False
NL_R_3,NL,rice,NC_010981.1,33.01,605948,20.002343,1482455.0,0.001857,0.001855,0.0009,0.485208,0.007573,0,0,False
NL_R_4,NL,rice,NC_002978.6,646.03,3561778,2301.015441,1267782.0,0.249743,0.220999,0.1698,0.768329,0.841347,1,1,False
NL_R_5,NL,rice,NC_002978.6,2322.91,9620700,22348.020237,1267782.0,2.425565,0.911572,0.7357,0.807067,0.934378,1,1,False
NL_R_6,NL,rice,NC_002978.6,499.79,740318,370.003533,1267782.0,0.040159,0.039363,0.0303,0.769758,0.217661,1,0,True
NL_R_7,NL,rice,NC_012416.1,55.03,599716,33.002371,1445873.0,0.003141,0.003136,0.0022,0.70157,0.021534,0,0,False
NL_R_8,NL,rice,NZ_CM003641.1,41.6,649032,26.999731,1133809.0,0.003277,0.003271,0.0012,0.366821,0.006094,0,0,False
NL_R_9,NL,rice,NZ_CM003641.1,465.1,13222998,6150.01637,1133809.0,0.746371,0.525916,0.4183,0.795374,0.943389,1,1,False
NL_W_10,NL,wateroat,NC_012416.1,31.81,502958,15.999094,1445873.0,0.001523,0.001521,0.0006,0.394365,0.006543,0,0,False
NL_W_11,NL,wateroat,NC_002978.6,28.34,705820,20.002939,1267782.0,0.002171,0.002169,0.001,0.461109,0.002869,0,0,False
NL_W_12,NL,wateroat,NC_002978.6,47.6,609292,29.002299,1267782.0,0.003148,0.003143,0.0016,0.509093,0.003499,0,0,False
NL_W_13,NL,wateroat,NC_012416.1,19.91,552472,10.999718,1445873.0,0.001047,0.001046,0.0004,0.382312,0.00385,0,0,False
NL_W_14,NL,wateroat,NZ_CM003641.1,941.35,1757042,1653.991487,1133809.0,0.20073,0.181867,0.1518,0.834678,0.760138,1,1,False
NL_W_15,NL,wateroat,NZ_CM003641.1,13.79,580016,7.998421,1133809.0,0.000971,0.00097,0.0003,0.309207,0.003731,0,0,False
NL_W_1,NL,wateroat,NZ_CM003641.1,37.74,529936,19.999785,1133809.0,0.002427,0.002424,0.0012,0.494999,0.003689,0,0,False
NL_W_2,NL,wateroat,NZ_CM003641.1,8.15,1595458,13.002983,1133809.0,0.001578,0.001577,0.0006,0.380516,0.001993,0,0,False
NL_W_3,NL,wateroat,NC_002978.6,2.03,3945566,8.009499,1267782.0,0.000869,0.000869,0.0005,0.575413,0.00206,0,0,False
NL_W_4,NL,wateroat,NZ_CM003641.1,3.3,4552016,15.021653,1133809.0,0.001823,0.001821,0.0006,0.329421,0.001907,0,0,False
NL_W_5,NL,wateroat,NC_002978.6,37.7,583556,22.000061,1267782.0,0.002388,0.002385,0.0009,0.377366,0.003576,0,0,False
NL_W_6,NL,wateroat,NC_002978.6,61.9,969300,59.99967,1267782.0,0.006512,0.006491,0.0016,0.246496,0.002845,0,0,False
NL_W_7,NL,wateroat,NC_002978.6,42.99,186100,8.000439,1267782.0,0.000868,0.000868,0.0002,0.230426,0.001209,0,0,False
NL_W_8,NL,wateroat,NZ_CM003641.1,36.58,710858,26.003186,1133809.0,0.003156,0.003151,0.001,0.31738,0.003556,0,0,False
NL_W_9,NL,wateroat,NC_002978.6,51.66,619400,31.998204,1267782.0,0.003473,0.003467,0.0023,0.66341,0.003316,0,0,False
PYH_R_10,PYH,rice,NC_002978.6,7914.64,2163458,17122.991225,1267782.0,1.858461,0.844088,0.6983,0.827284,0.423869,1,1,False
PYH_R_1,PYH,rice,NC_002978.6,21.2,141538,3.000606,1267782.0,0.000326,0.000326,0.0002,0.614212,0.000601,0,0,False
PYH_R_2,PYH,rice,NC_002978.6,71.71,181278,12.999445,1267782.0,0.001411,0.00141,0.0005,0.354632,0.000877,0,0,False
PYH_R_3,PYH,rice,NZ_CM003641.1,7.37,1357546,10.005114,1133809.0,0.001214,0.001213,0.0003,0.24722,0.259054,1,0,False
PYH_R_5,PYH,rice,NC_002978.6,12.82,156066,2.000766,1267782.0,0.000217,0.000217,0.0002,0.9211,0.000846,0,0,False
PYH_R_6,PYH,rice,NC_010981.1,9.96,200726,1.999231,1482455.0,0.000186,0.000186,0.0001,0.53894,0.000702,0,0,False
PYH_R_7,PYH,rice,NC_002978.6,33.6,148826,5.000554,1267782.0,0.000543,0.000543,0.0002,0.3686,0.000538,0,0,False
PYH_R_8,PYH,rice,NC_012416.1,21.18,141636,2.99985,1445873.0,0.000285,0.000285,0.0002,0.700655,0.000522,0,0,False
PYH_R_9,PYH,rice,NC_002978.6,37.91,184670,7.00084,1267782.0,0.00076,0.00076,0.0002,0.263312,0.00052,0,0,False
PYH_W_1,PYH,wateroat,NC_002978.6,13.35,149788,1.99967,1267782.0,0.000217,0.000217,0.0001,0.460803,0.000654,0,0,False
PYH_W_2,PYH,wateroat,NC_002978.6,14.51,137794,1.999391,1267782.0,0.000217,0.000217,0.0001,0.460867,0.000675,0,0,False
PYH_W_3,PYH,wateroat,NC_002978.6,0.29,55784184,16.177413,1267782.0,0.001756,0.001754,0.0001,0.057003,0.008029,1,0,False
PYH_W_4,PYH,wateroat,NC_002978.6,9.92,201644,2.000308,1267782.0,0.000217,0.000217,0.0001,0.460656,0.00064,0,0,False
PYH_W_7,PYH,wateroat,NC_002978.6,0.48,2104158,1.009996,1267782.0,0.00011,0.00011,0.0001,0.912285,0.007378,1,0,False
PYH_W_9,PYH,wateroat,NC_002978.6,11.8,169438,1.999368,1267782.0,0.000217,0.000217,0.0002,0.921744,0.000454,0,0,False
WH_R_10,WH,rice,NC_002978.6,38.5,129868,4.999918,1267782.0,0.000543,0.000543,0.0002,0.368647,0.000955,0,0,False
WH_R_2,WH,rice,NZ_CM003641.1,95.07,210382,20.001017,1133809.0,0.002427,0.002424,0.0004,0.16499,0.000684,0,0,False
WH_R_3,WH,rice,NZ_CM003641.1,54.89,145750,8.000218,1133809.0,0.000971,0.00097,0.0003,0.309138,0.00072,0,0,False
WH_R_4,WH,rice,NZ_CM003641.1,4.99,200338,0.999687,1133809.0,0.000121,0.000121,0.0001,0.824297,0.000634,0,0,False
WH_R_5,WH,rice,NC_002978.6,17.96,167076,3.000685,1267782.0,0.000326,0.000326,0.0001,0.307098,0.000736,0,0,False
WH_R_6,WH,rice,NC_002978.6,83.54,191520,15.999581,1267782.0,0.001737,0.001735,0.0005,0.28818,0.001076,0,0,False
WH_R_7,WH,rice,NZ_CM003641.1,112.95,584334,66.000525,1133809.0,0.00801,0.007978,0.0014,0.175485,0.000996,0,0,False
WH_R_8,WH,rice,NC_002978.6,12.47,160342,1.999465,1267782.0,0.000217,0.000217,0.0001,0.46085,0.001135,0,0,False
WH_W_10,WH,wateroat,NC_002978.6,0.3,63635966,19.09079,1267782.0,0.002072,0.00207,0.0002,0.096623,0.008246,1,0,False
WH_W_1,WH,wateroat,NC_002978.6,0.18,5646142,1.016306,1267782.0,0.00011,0.00011,0.0001,0.906621,0.008076,1,0,False
WH_W_4,WH,wateroat,NZ_CM003641.1,6.18,161682,0.999195,1133809.0,0.000121,0.000121,0.0001,0.824703,0.00055,0,0,False
WH_W_5,WH,wateroat,NZ_CM003641.1,43.94,182070,8.000156,1133809.0,0.000971,0.00097,0.0004,0.412187,0.000747,0,0,False
WH_W_6,WH,wateroat,NC_002978.6,0.42,73076752,30.692236,1267782.0,0.003331,0.003326,0.0004,0.120276,0.008505,1,0,False
WH_W_7,WH,wateroat,NC_002978.6,0.19,78419842,14.89977,1267782.0,0.001617,0.001616,0.0002,0.123774,0.008359,1,0,False
WH_W_8,WH,wateroat,NZ_CM003641.1,0.47,63849042,30.00905,1133809.0,0.003642,0.003635,0.0007,0.192556,0.008241,1,0,False
WH_W_9,WH,wateroat,NZ_CM003641.1,5.81,172114,0.999982,1133809.0,0.000121,0.000121,0.0001,0.824054,0.000424,0,0,False
