sample,source,wolb_rpm,nonhost,wolb_breadth,exp_breadth,U,wolb_pos,wolb_pos_rev,para_pos
AQ_R_10,lab,65.14,491270,0.0008,0.003876,0.206389,0.0,0.0,0
AQ_R_11,lab,103.41,502840,0.0032,0.005628,0.568602,0.0,0.0,0
AQ_R_12,lab,1741.33,11161588,0.7146,0.878702,0.813245,1.0,1.0,1
AQ_R_13,lab,1836.31,2308432,0.2802,0.368769,0.759825,1.0,1.0,1
AQ_R_14,lab,163.39,1805514,0.0031,0.035168,0.088147,0.0,0.0,0
AQ_R_15,lab,87.53,731162,0.0017,0.007737,0.219728,0.0,0.0,0
AQ_R_1,lab,29.18,582666,0.0005,0.001844,0.271201,0.0,0.0,0
AQ_R_2,lab,714.49,1526958,0.1009,0.124013,0.813623,1.0,1.0,1
AQ_R_3,lab,259.6,593210,0.0116,0.016575,0.699835,0.0,0.0,0
AQ_R_4,lab,69.5,446068,0.0009,0.002873,0.313216,0.0,0.0,0
AQ_R_5,lab,54.4,680108,0.0012,0.00448,0.267856,0.0,0.0,0
AQ_R_6,lab,620.54,9818910,0.4246,0.522626,0.812436,1.0,1.0,1
AQ_R_7,lab,59.91,83452,0.0004,0.000464,0.86216,0.0,0.0,0
AQ_R_8,lab,3022.86,24681614,0.8769,0.999696,0.877167,1.0,1.0,1
AQ_R_9,lab,5478.46,10789708,0.8695,0.998364,0.870925,1.0,1.0,1
AQ_W_10,lab,25.07,598296,0.0004,0.001819,0.219941,0.0,0.0,0
AQ_W_12,lab,46.73,449346,0.0005,0.002545,0.196457,0.0,0.0,0
AQ_W_13,lab,64.73,664326,0.0011,0.004656,0.236235,0.0,0.0,0
AQ_W_14,lab,15.44,518092,0.0003,0.00097,0.309171,0.0,0.0,0
AQ_W_15,lab,47.56,483630,0.0005,0.002788,0.179367,0.0,0.0,0
AQ_W_1,lab,515.46,3579322,0.1474,0.181473,0.812243,1.0,1.0,1
AQ_W_2,lab,43.16,648822,0.0005,0.003035,0.164759,0.0,0.0,0
AQ_W_3,lab,38.56,492750,0.0005,0.002303,0.217084,0.0,0.0,0
AQ_W_4,lab,40.24,844866,0.0009,0.003683,0.244356,0.0,0.0,0
AQ_W_5,lab,52.57,570674,0.0011,0.003251,0.338376,0.0,0.0,0
AQ_W_6,lab,56.47,708366,0.0009,0.0038,0.236867,0.0,0.0,0
AQ_W_7,lab,51.81,521168,0.0007,0.002566,0.272757,0.0,0.0,0
AQ_W_8,lab,54.23,73756,0.0002,0.000434,0.460801,0.0,0.0,0
AQ_W_9,lab,66.35,587836,0.0007,0.004224,0.165709,0.0,0.0,0
CD_R_10,lab,1276.58,19890632,0.7519,0.954114,0.788061,1.0,1.0,1
CD_R_1,lab,79.0,582266,0.0032,0.00498,0.642556,0.0,0.0,0
CD_R_2,lab,1479.96,7483292,0.503,0.699418,0.71917,1.0,1.0,1
CD_R_3,lab,3559.79,10027850,0.8017,0.979234,0.818702,1.0,1.0,1
CD_R_4,lab,104.33,642202,0.0052,0.008098,0.642109,0.0,0.0,0
CD_R_5,lab,1586.1,11429894,0.6741,0.889213,0.758086,1.0,1.0,1
CD_R_6,lab,1311.07,7277272,0.4629,0.644967,0.717712,1.0,1.0,1
CD_R_7,lab,142.39,1116688,0.001,0.01711,0.058446,0.0,0.0,0
CD_R_8,lab,2570.61,11863710,0.7677,0.963485,0.796795,1.0,1.0,1
CD_R_9,lab,94.77,844186,0.0016,0.008646,0.185064,0.0,0.0,0
CD_W_10,lab,3.31,8454090,0.0011,0.003033,0.36273,0.0,0.0,0
CD_W_1,lab,3374.21,8617710,0.7897,0.957404,0.824834,1.0,1.0,1
CD_W_2,lab,49.31,709848,0.0012,0.004239,0.28309,0.0,0.0,0
CD_W_3,lab,22.37,134126,0.0001,0.000326,0.307127,0.0,0.0,0
CD_W_4,lab,103.46,376940,0.0028,0.004224,0.662916,0.0,0.0,0
CD_W_5,lab,77.07,544980,0.0019,0.004548,0.417737,0.0,0.0,0
CD_W_6,lab,34.91,658816,0.0012,0.002493,0.481322,0.0,0.0,0
CD_W_7,lab,38.69,646132,0.0014,0.00271,0.516682,0.0,0.0,0
CD_W_8,lab,75.48,834616,0.0039,0.006814,0.572343,0.0,0.0,0
CD_W_9,lab,126.04,2531024,0.0015,0.029903,0.050162,0.0,0.0,0
HC23_W_1,lab,12.82,233926,0.0001,0.000325,0.307277,0.0,0.0,0
HC23_W_2,lab,27.51,145396,0.0002,0.000381,0.52551,0.0,0.0,0
HC23_W_6,lab,28.42,140742,0.0002,0.000434,0.46079,0.0,0.0,0
HC23_W_8,lab,13.2,227228,0.0001,0.000325,0.307228,0.0,0.0,0
HC_R_10,lab,69.98,785910,0.0009,0.006652,0.13529,0.0,0.0,0
HC_R_1,lab,54.14,1606850,0.001,0.010502,0.095218,0.0,0.0,0
HC_R_2,lab,54.13,240182,0.0003,0.001577,0.190286,0.0,0.0,0
HC_R_3,lab,39.94,450728,0.0004,0.001952,0.204922,0.0,0.0,0
HC_R_4,lab,11.62,172172,0.0001,0.000217,0.46058,0.0,0.0,0
HC_R_6,lab,27.77,216048,0.0004,0.000651,0.614471,0.0,0.0,0
HC_R_7,lab,136.77,7918340,0.0033,0.123162,0.026794,0.0,0.0,0
HC_R_8,lab,74.09,7261464,0.0019,0.063206,0.03006,0.0,0.0,0
HC_R_9,lab,9.69,1651850,0.0005,0.001736,0.288057,0.0,0.0,0
HC_W_10,lab,46.39,754500,0.0004,0.003244,0.123323,0.0,0.0,0
HC_W_1,lab,21.61,4997536,0.0011,0.013021,0.084479,0.0,0.0,0
HC_W_2,lab,74.64,4957156,0.0012,0.043911,0.027328,0.0,0.0,0
HC_W_3,lab,83.15,5892906,0.0034,0.051793,0.065646,0.0,0.0,0
HC_W_4,lab,61.31,2495678,0.0011,0.018398,0.059789,0.0,0.0,0
HC_W_5,lab,74.54,10745538,0.0016,0.092632,0.017273,0.0,0.0,0
HC_W_6,lab,73.65,7345582,0.0018,0.063547,0.028325,0.0,0.0,0
HC_W_7,lab,30.76,3674006,0.0013,0.012191,0.106636,0.0,0.0,0
HC_W_8,lab,45.01,666550,0.0008,0.003634,0.22012,0.0,0.0,0
HC_W_9,lab,278.07,17919862,0.1848,0.417737,0.442384,1.0,1.0,1
HH_R_1,lab,36.28,137816,0.0002,0.000607,0.329698,0.0,0.0,0
HH_R_2,lab,6.24,160286,0.0001,0.000121,0.823887,0.0,0.0,0
HH_R_3,lab,19.15,156632,0.0001,0.000285,0.350368,0.0,0.0,0
HH_R_4,lab,54.69,164552,0.0002,0.000976,0.20486,0.0,0.0,0
HH_R_5,lab,7.09,141088,0.0001,0.000109,0.921114,0.0,0.0,0
HH_R_6,lab,13.89,144006,0.0001,0.000186,0.538667,0.0,0.0,0
HH_R_7,lab,2542.13,1875200,0.326,0.403927,0.807077,1.0,1.0,1
HH_R_8,lab,10.91,183366,0.0001,0.00019,0.525303,0.0,0.0,0
HH_R_9,lab,53.65,223682,0.0003,0.001455,0.206138,0.0,0.0,0
HH_W_10,lab,25.54,156644,0.0002,0.000485,0.412024,0.0,0.0,0
HH_W_2,lab,0.63,67971134,0.0006,0.004637,0.129396,0.0,0.0,1
HH_W_3,lab,2.85,1054264,0.0002,0.000326,0.613384,0.0,0.0,1
HH_W_5,lab,0.86,64779568,0.0012,0.006738,0.178088,0.0,0.0,1
HH_W_6,lab,34.11,205216,0.0003,0.000759,0.39502,0.0,0.0,0
HH_W_7,lab,17.04,176066,0.0001,0.000364,0.274698,0.0,0.0,0
HH_W_9,lab,46.9,191904,0.0002,0.000835,0.239507,0.0,0.0,0
HR_R_10,lab,21.12,710226,0.0009,0.001627,0.553263,0.0,0.0,0
HR_R_2,lab,923.66,8079778,0.4168,0.595746,0.699627,1.0,1.0,1
HR_R_3,lab,20.83,672078,0.0005,0.001518,0.329319,0.0,0.0,0
HR_R_4,lab,24.07,747910,0.0014,0.001952,0.717221,0.0,0.0,0
HR_R_5,lab,64.37,155356,0.0002,0.001085,0.184366,0.0,0.0,0
HR_R_6,lab,1060.48,10766796,0.5397,0.74985,0.719744,1.0,1.0,1
HR_R_7,lab,8.54,468236,0.0002,0.000434,0.460922,0.0,0.0,0
HR_R_8,lab,26.25,571452,0.0006,0.001627,0.368826,0.0,0.0,0
HR_R_9,lab,1300.19,8056536,0.4605,0.679194,0.67801,1.0,1.0,1
HR_W_10,lab,403.81,18221486,0.4148,0.590564,0.702379,1.0,1.0,1
HR_W_1,lab,23.78,336374,0.0005,0.000868,0.57617,0.0,0.0,0
HR_W_2,lab,30.7,162862,0.0002,0.000607,0.329705,0.0,0.0,0
HR_W_3,lab,33.68,118756,0.0002,0.000381,0.525529,0.0,0.0,0
HR_W_4,lab,1878.6,2625890,0.3026,0.41457,0.729914,1.0,1.0,1
HR_W_5,lab,81.3,184508,0.0003,0.001627,0.184415,0.0,0.0,0
HR_W_6,lab,23.88,628068,0.0009,0.001627,0.553326,0.0,0.0,0
HR_W_7,lab,58.34,102840,0.0003,0.000651,0.460851,0.0,0.0,0
HR_W_8,lab,2.95,10851732,0.0011,0.003042,0.361614,0.0,0.0,0
HR_W_9,lab,13.74,18188642,0.0199,0.02676,0.743651,0.0,0.0,0
HZ_R_10,lab,1147.69,1090888,0.0889,0.127059,0.699675,1.0,1.0,1
HZ_R_1,lab,14.42,277380,0.0002,0.000485,0.412113,0.0,0.0,0
HZ_R_2,lab,12.39,564906,0.0001,0.000759,0.131687,0.0,0.0,0
HZ_R_3,lab,22.78,175588,0.0001,0.000434,0.230394,0.0,0.0,0
HZ_R_4,lab,2039.68,1388456,0.1971,0.264625,0.744828,1.0,1.0,1
HZ_R_5,lab,9989.23,1439050,0.6264,0.789907,0.793005,1.0,1.0,1
HZ_R_7,lab,57.28,209482,0.0003,0.001301,0.230505,0.0,0.0,0
HZ_R_8,lab,18.41,217252,0.0003,0.000485,0.618202,0.0,0.0,0
HZ_R_9,lab,50.7,177516,0.0003,0.001092,0.274811,0.0,0.0,0
NC2025_R_10,lab,51.58,891752,0.0014,0.005567,0.251499,0.0,0.0,0
NC2025_R_1,lab,2312.8,17579968,0.8392,0.987881,0.849495,1.0,1.0,1
NC2025_R_2,lab,32.2,434762,0.0007,0.001518,0.461049,0.0,0.0,0
NC2025_R_3,lab,363.39,756772,0.0239,0.029407,0.812739,0.0,1.0,1
NC2025_R_4,lab,32.48,554244,0.0009,0.001712,0.525786,0.0,0.0,0
NC2025_R_5,lab,48.84,470934,0.0018,0.002493,0.721946,0.0,0.0,0
NC2025_R_6,lab,11364.83,19156812,0.8883,1.0,0.8883,1.0,1.0,1
NC2025_R_7,lab,29.31,375268,0.0006,0.001046,0.573499,0.0,0.0,0
NC2025_R_8,lab,22.41,490782,0.0005,0.001334,0.374844,0.0,0.0,0
NC2025_R_9,lab,24.81,564398,0.0006,0.001519,0.395089,0.0,0.0,0
NL_R_10,lab,33.11,453078,0.0005,0.001627,0.307339,0.0,0.0,0
NL_R_11,lab,22.64,529944,0.0004,0.001301,0.307371,0.0,0.0,0
NL_R_12,lab,26.13,382650,0.0005,0.001085,0.460989,0.0,0.0,0
NL_R_13,lab,14.12,424808,0.0003,0.000571,0.52569,0.0,0.0,0
NL_R_14,lab,58.21,515382,0.0007,0.003251,0.21533,0.0,0.0,0
NL_R_15,lab,37.02,486176,0.001,0.001952,0.512413,0.0,0.0,0
NL_R_1,lab,8.36,478494,0.0004,0.000434,0.921505,0.0,0.0,0
NL_R_2,lab,25.11,597462,0.0007,0.001627,0.43025,0.0,0.0,0
NL_R_3,lab,33.01,605948,0.0009,0.001855,0.485208,0.0,0.0,0
NL_R_4,lab,646.03,3561778,0.1698,0.220999,0.768329,1.0,1.0,1
NL_R_5,lab,2322.91,9620700,0.7357,0.911572,0.807067,1.0,1.0,1
NL_R_6,lab,499.79,740318,0.0303,0.039363,0.769758,0.0,1.0,1
NL_R_7,lab,55.03,599716,0.0022,0.003136,0.70157,0.0,0.0,0
NL_R_8,lab,41.6,649032,0.0012,0.003271,0.366821,0.0,0.0,0
NL_R_9,lab,465.1,13222998,0.4183,0.525916,0.795374,1.0,1.0,1
NL_W_10,lab,31.81,502958,0.0006,0.001521,0.394365,0.0,0.0,0
NL_W_11,lab,28.34,705820,0.001,0.002169,0.461109,0.0,0.0,0
NL_W_12,lab,47.6,609292,0.0016,0.003143,0.509093,0.0,0.0,0
NL_W_13,lab,19.91,552472,0.0004,0.001046,0.382312,0.0,0.0,0
NL_W_14,lab,941.35,1757042,0.1518,0.181867,0.834678,1.0,1.0,1
NL_W_15,lab,13.79,580016,0.0003,0.00097,0.309207,0.0,0.0,0
NL_W_1,lab,37.74,529936,0.0012,0.002424,0.494999,0.0,0.0,0
NL_W_2,lab,8.15,1595458,0.0006,0.001577,0.380516,0.0,0.0,0
NL_W_3,lab,2.03,3945566,0.0005,0.000869,0.575413,0.0,0.0,0
NL_W_4,lab,3.3,4552016,0.0006,0.001821,0.329421,0.0,0.0,0
NL_W_5,lab,37.7,583556,0.0009,0.002385,0.377366,0.0,0.0,0
NL_W_6,lab,61.9,969300,0.0016,0.006491,0.246496,0.0,0.0,0
NL_W_7,lab,42.99,186100,0.0002,0.000868,0.230426,0.0,0.0,0
NL_W_8,lab,36.58,710858,0.001,0.003151,0.31738,0.0,0.0,0
NL_W_9,lab,51.66,619400,0.0023,0.003467,0.66341,0.0,0.0,0
PYH_R_10,lab,7914.64,2163458,0.6983,0.844088,0.827284,1.0,1.0,1
PYH_R_1,lab,21.2,141538,0.0002,0.000326,0.614212,0.0,0.0,0
PYH_R_2,lab,71.71,181278,0.0005,0.00141,0.354632,0.0,0.0,0
PYH_R_3,lab,7.37,1357546,0.0003,0.001213,0.24722,0.0,0.0,1
PYH_R_5,lab,12.82,156066,0.0002,0.000217,0.9211,0.0,0.0,0
PYH_R_6,lab,9.96,200726,0.0001,0.000186,0.53894,0.0,0.0,0
PYH_R_7,lab,33.6,148826,0.0002,0.000543,0.3686,0.0,0.0,0
PYH_R_8,lab,21.18,141636,0.0002,0.000285,0.700655,0.0,0.0,0
PYH_R_9,lab,37.91,184670,0.0002,0.00076,0.263312,0.0,0.0,0
PYH_W_1,lab,13.35,149788,0.0001,0.000217,0.460803,0.0,0.0,0
PYH_W_2,lab,14.51,137794,0.0001,0.000217,0.460867,0.0,0.0,0
PYH_W_3,lab,0.29,55784184,0.0001,0.001754,0.057003,0.0,0.0,1
PYH_W_4,lab,9.92,201644,0.0001,0.000217,0.460656,0.0,0.0,0
PYH_W_7,lab,0.48,2104158,0.0001,0.00011,0.912285,0.0,0.0,1
PYH_W_9,lab,11.8,169438,0.0002,0.000217,0.921744,0.0,0.0,0
SAMN01797446,sra,17.74,281902,0.0002,0.000543,0.368572,0.0,0.0,0
SAMN10449037,sra,2742.46,692444,0.0017,0.205835,0.008259,0.0,0.0,0
SAMN10449038,sra,5.01,130904772,0.0051,0.068707,0.074228,0.0,0.0,0
SAMN10449070,sra,162.58,22832112,0.002,0.331615,0.006031,0.0,0.0,0
SAMN10449071,sra,32.22,5244704,0.0009,0.018174,0.049522,0.0,0.0,0
SAMN10449073,sra,29.73,6021706,0.0007,0.019243,0.036377,0.0,0.0,0
SAMN10449075,sra,52.14,1227352,0.0004,0.006922,0.05779,0.0,0.0,0
SAMN37207889,sra,92.9,6038978,0.0027,0.06582,0.041021,0.0,0.0,0
SAMN37207890,sra,32.87,3346924,0.0012,0.013263,0.09048,0.0,0.0,0
SAMN37207891,sra,40.38,1708650,0.0009,0.006545,0.137518,0.0,0.0,0
SAMN37207892,sra,53.81,1672670,0.0011,0.010864,0.101254,0.0,0.0,0
SAMN37207893,sra,48.0,11145824,0.0042,0.062865,0.06681,0.0,0.0,0
SAMN37207894,sra,63.45,1181958,0.0013,0.00906,0.143485,0.0,0.0,0
SAMN37207895,sra,51.91,1406262,0.0008,0.00882,0.090702,0.0,0.0,0
SAMN37207896,sra,24.92,1163876,0.0007,0.003514,0.199218,0.0,0.0,0
SAMN37207897,sra,39.72,2517382,0.0013,0.012062,0.10778,0.0,0.0,0
SAMN37207898,sra,111.93,8210808,0.0024,0.10554,0.02274,0.0,0.0,0
SAMN37207899,sra,215.78,4175462,0.0029,0.103578,0.027998,0.0,0.0,0
SAMN37207900,sra,196.65,2257786,0.0024,0.052457,0.045751,0.0,0.0,0
SAMN37207901,sra,203.27,4363752,0.0025,0.102058,0.024496,0.0,0.0,0
SAMN37207902,sra,48.14,3406476,0.001,0.017641,0.056686,0.0,0.0,0
SAMN37207903,sra,236.56,3846826,0.0028,0.104559,0.026779,0.0,0.0,0
SAMN37207904,sra,41.11,802758,0.0009,0.003997,0.225165,0.0,0.0,0
SAMN37207905,sra,67.7,1048740,0.0009,0.007676,0.117242,0.0,0.0,0
SAMN37207906,sra,9.03,442982,0.0002,0.000371,0.538766,0.0,0.0,0
SAMN37207907,sra,9.01,443906,0.0002,0.000434,0.460823,0.0,0.0,0
SAMN37207908,sra,20.43,440480,0.0003,0.000835,0.359312,0.0,0.0,0
SAMN37207909,sra,51.59,581472,0.0007,0.003634,0.192626,0.0,0.0,0
SAMN37207910,sra,14.68,408838,0.0002,0.000651,0.307129,0.0,0.0,0
SAMN37207911,sra,0.06,34013544,0.0001,0.000221,0.451514,0.0,0.0,0
SAMN37207912,sra,57.27,471426,0.0004,0.002566,0.155879,0.0,0.0,0
SAMN37207914,sra,141.18,8974264,0.0029,0.142524,0.020347,0.0,0.0,0
SAMN37207915,sra,97.84,7307786,0.0027,0.083114,0.032485,0.0,0.0,0
SAMN37207916,sra,185.12,11089836,0.0032,0.220535,0.01451,0.0,0.0,0
SAMN37207917,sra,201.53,8757928,0.0031,0.192813,0.016078,0.0,0.0,0
SAMN37207918,sra,184.43,6213862,0.0028,0.129844,0.021564,0.0,0.0,0
WH_R_10,lab,38.5,129868,0.0002,0.000543,0.368647,0.0,0.0,0
WH_R_2,lab,95.07,210382,0.0004,0.002424,0.16499,0.0,0.0,0
WH_R_3,lab,54.89,145750,0.0003,0.00097,0.309138,0.0,0.0,0
WH_R_4,lab,4.99,200338,0.0001,0.000121,0.824297,0.0,0.0,0
WH_R_5,lab,17.96,167076,0.0001,0.000326,0.307098,0.0,0.0,0
WH_R_6,lab,83.54,191520,0.0005,0.001735,0.28818,0.0,0.0,0
WH_R_7,lab,112.95,584334,0.0014,0.007978,0.175485,0.0,0.0,0
WH_R_8,lab,12.47,160342,0.0001,0.000217,0.46085,0.0,0.0,0
WH_W_10,lab,0.3,63635966,0.0002,0.00207,0.096623,0.0,0.0,1
WH_W_1,lab,0.18,5646142,0.0001,0.00011,0.906621,0.0,0.0,1
WH_W_4,lab,6.18,161682,0.0001,0.000121,0.824703,0.0,0.0,0
WH_W_5,lab,43.94,182070,0.0004,0.00097,0.412187,0.0,0.0,0
WH_W_6,lab,0.42,73076752,0.0004,0.003326,0.120276,0.0,0.0,1
WH_W_7,lab,0.19,78419842,0.0002,0.001616,0.123774,0.0,0.0,1
WH_W_8,lab,0.47,63849042,0.0007,0.003635,0.192556,0.0,0.0,1
WH_W_9,lab,5.81,172114,0.0001,0.000121,0.824054,0.0,0.0,0
