tip,nn1,d1,nn2,d2,nn3,d3,cflav_in_top3,cotesia_in_top3
HR_R_9,wCmel  OR597565.1,0.0002,wCgl  PQ472555.1,0.0002,wVitB,0.0035,False,True
CD_R_8,wVitB,0.0019,wCmel  OR597565.1,0.0019,wCgl  PQ472555.1,0.0019,False,True
CD_R_5,wVitB,0.0019,wCmel  OR597565.1,0.0019,wCgl  PQ472555.1,0.0019,False,True
HR_W_10,wVitB,0.0019,wCmel  OR597565.1,0.0019,wCgl  PQ472555.1,0.0019,False,True
HR_R_6,wVitB,0.0019,wCmel  OR597565.1,0.0019,wCgl  PQ472555.1,0.0019,False,True
AQ_R_6,wVitB,0.002,wCmel  OR597565.1,0.002,wCgl  PQ472555.1,0.002,False,True
AQ_R_12,wVitB,0.0074,wCmel  OR597565.1,0.0074,wCgl  PQ472555.1,0.0074,False,True
AQ_R_8,wVitB,0.0074,wCmel  OR597565.1,0.0074,wCgl  PQ472555.1,0.0074,False,True
CD_R_10,wVitB,0.1136,wCmel  OR597565.1,0.1136,wCgl  PQ472555.1,0.1136,False,True
CD_W_1,wVitB,0.1136,wCmel  OR597565.1,0.1136,wCgl  PQ472555.1,0.1136,False,True
NL_R_5,wVitB,0.1133,wCmel  OR597565.1,0.1133,wCgl  PQ472555.1,0.1133,False,True
NC2025_R_6,wVitB,0.0074,wCmel  OR597565.1,0.0074,wCgl  PQ472555.1,0.0074,False,True
CD_R_2,wVitB,0.0074,wCmel  OR597565.1,0.0074,wCgl  PQ472555.1,0.0074,False,True
AQ_R_9,wVitB,0.0056,wCmel  OR597565.1,0.0056,wCgl  PQ472555.1,0.0056,False,True
HR_R_2,wVitB,0.0261,wCmel  OR597565.1,0.0261,wCgl  PQ472555.1,0.0261,False,True
CD_R_6,wVitB,0.0955,wCmel  OR597565.1,0.0955,wCgl  PQ472555.1,0.0955,False,True
