sample,geo,host_plant,para_frac,para_reads,para_pos,wolb_breadth,wolb_rpm,wolb_pos,wpos,platform,taxon
AQ_R_10,AQ,rice,0.001954,960,0,0.0008,65.14,0.0,0.0,MGI,
AQ_R_11,AQ,rice,0.012197,6133,0,0.0032,103.41,0.0,0.0,MGI,
AQ_R_12,AQ,rice,0.931101,10392566,1,0.7146,1741.33,1.0,1.0,MGI,Cotesia (Braconidae)
AQ_R_13,AQ,rice,0.950042,2193108,1,0.2802,1836.31,1.0,1.0,MGI,Cotesia (Braconidae)
AQ_R_14,AQ,rice,0.003268,5900,0,0.0031,163.39,0.0,0.0,MGI,
AQ_R_15,AQ,rice,0.003567,2608,0,0.0017,87.53,0.0,0.0,MGI,
AQ_R_1,AQ,rice,0.002801,1632,0,0.0005,29.18,0.0,0.0,MGI,
AQ_R_2,AQ,rice,0.924102,1411065,1,0.1009,714.49,1.0,1.0,MGI,Cotesia (Braconidae)
AQ_R_3,AQ,rice,0.009784,5804,0,0.0116,259.6,0.0,0.0,MGI,
AQ_R_4,AQ,rice,0.004302,1919,0,0.0009,69.5,0.0,0.0,MGI,
AQ_R_5,AQ,rice,0.011061,7523,0,0.0012,54.4,0.0,0.0,MGI,
AQ_R_6,AQ,rice,0.907503,8910688,1,0.4246,620.54,1.0,1.0,MGI,Cotesia (Braconidae)
AQ_R_7,AQ,rice,0.000959,80,0,0.0004,59.91,0.0,0.0,MGI,
AQ_R_8,AQ,rice,0.965919,23840434,1,0.8769,3022.86,1.0,1.0,MGI,Cotesia (Braconidae)
AQ_R_9,AQ,rice,0.747783,8068361,1,0.8695,5478.46,1.0,1.0,MGI,Cotesia (Braconidae)
AQ_W_10,AQ,wateroat,0.002032,1216,0,0.0004,25.07,0.0,0.0,MGI,
AQ_W_11,AQ,wateroat,0.001619,203,0,0.0,0.0,0.0,0.0,MGI,
AQ_W_12,AQ,wateroat,0.002052,922,0,0.0005,46.73,0.0,0.0,MGI,
AQ_W_13,AQ,wateroat,0.001791,1190,0,0.0011,64.73,0.0,0.0,MGI,
AQ_W_14,AQ,wateroat,0.001623,841,0,0.0003,15.44,0.0,0.0,MGI,
AQ_W_15,AQ,wateroat,0.002026,980,0,0.0005,47.56,0.0,0.0,MGI,
AQ_W_1,AQ,wateroat,0.874665,3130708,1,0.1474,515.46,1.0,1.0,MGI,Cotesia (Braconidae)
AQ_W_2,AQ,wateroat,0.00189,1226,0,0.0005,43.16,0.0,0.0,MGI,
AQ_W_3,AQ,wateroat,0.001512,745,0,0.0005,38.56,0.0,0.0,MGI,
AQ_W_4,AQ,wateroat,0.000896,757,0,0.0009,40.24,0.0,0.0,MGI,
AQ_W_5,AQ,wateroat,0.001102,629,0,0.0011,52.57,0.0,0.0,MGI,
AQ_W_6,AQ,wateroat,0.001831,1297,0,0.0009,56.47,0.0,0.0,MGI,
AQ_W_7,AQ,wateroat,0.001813,945,0,0.0007,51.81,0.0,0.0,MGI,
AQ_W_8,AQ,wateroat,0.002183,161,0,0.0002,54.23,0.0,0.0,MGI,
AQ_W_9,AQ,wateroat,0.001652,971,0,0.0007,66.35,0.0,0.0,MGI,
CD_R_10,CD,rice,0.952441,18944646,1,0.7519,1276.58,1.0,1.0,MGI,Cotesia (Braconidae)
CD_R_1,CD,rice,0.013171,7669,0,0.0032,79.0,0.0,0.0,MGI,
CD_R_2,CD,rice,0.898622,6724651,1,0.503,1479.96,1.0,1.0,MGI,Cotesia (Braconidae)
CD_R_3,CD,rice,0.86797,8703872,1,0.8017,3559.79,1.0,1.0,MGI,Cotesia (Braconidae)
CD_R_4,CD,rice,0.052955,34008,0,0.0052,104.33,0.0,0.0,MGI,
CD_R_5,CD,rice,0.905783,10353000,1,0.6741,1586.1,1.0,1.0,MGI,Cotesia (Braconidae)
CD_R_6,CD,rice,0.921694,6707421,1,0.4629,1311.07,1.0,1.0,MGI,Cotesia (Braconidae)
CD_R_7,CD,rice,0.00279,3116,0,0.001,142.39,0.0,0.0,MGI,
CD_R_8,CD,rice,0.918341,10894931,1,0.7677,2570.61,1.0,1.0,MGI,Cotesia (Braconidae)
CD_R_9,CD,rice,0.012451,10511,0,0.0016,94.77,0.0,0.0,MGI,
CD_W_10,CD,wateroat,0.002168,18326,0,0.0011,3.31,0.0,0.0,MGI,
CD_W_1,CD,wateroat,0.910083,7842834,1,0.7897,3374.21,1.0,1.0,MGI,Cotesia (Braconidae)
CD_W_2,CD,wateroat,0.003504,2487,0,0.0012,49.31,0.0,0.0,MGI,
CD_W_3,CD,wateroat,0.001074,144,0,0.0001,22.37,0.0,0.0,MGI,
CD_W_4,CD,wateroat,0.010636,4009,0,0.0028,103.46,0.0,0.0,MGI,
CD_W_5,CD,wateroat,0.004477,2440,0,0.0019,77.07,0.0,0.0,MGI,
CD_W_6,CD,wateroat,0.004576,3015,0,0.0012,34.91,0.0,0.0,MGI,
CD_W_7,CD,wateroat,0.005169,3340,0,0.0014,38.69,0.0,0.0,MGI,
CD_W_8,CD,wateroat,0.006585,5496,0,0.0039,75.48,0.0,0.0,MGI,
CD_W_9,CD,wateroat,0.001532,3877,0,0.0015,126.04,0.0,0.0,MGI,
HC23_W_10,HC23,wateroat,0.002435,423,0,0.0,0.0,0.0,0.0,Illumina,
HC23_W_1,HC23,wateroat,0.000586,137,0,0.0001,12.82,0.0,0.0,Illumina,
HC23_W_2,HC23,wateroat,0.001059,154,0,0.0002,27.51,0.0,0.0,Illumina,
HC23_W_3,HC23,wateroat,0.000748,109,0,0.0,0.0,0.0,0.0,Illumina,
HC23_W_4,HC23,wateroat,0.000875,126,0,0.0,0.0,0.0,0.0,Illumina,
HC23_W_5,HC23,wateroat,0.00059,80,0,0.0,0.0,0.0,0.0,Illumina,
HC23_W_6,HC23,wateroat,0.003666,516,0,0.0002,28.42,0.0,0.0,Illumina,
HC23_W_7,HC23,wateroat,0.000951,126,0,0.0,0.0,0.0,0.0,Illumina,
HC23_W_8,HC23,wateroat,0.001932,439,0,0.0001,13.2,0.0,0.0,Illumina,
HC23_W_9,HC23,wateroat,0.000513,65,0,0.0,0.0,0.0,0.0,Illumina,
HC_R_10,HC,rice,0.000517,406,0,0.0009,69.98,0.0,0.0,MGI,
HC_R_1,HC,rice,0.000559,898,0,0.001,54.14,0.0,0.0,MGI,
HC_R_2,HC,rice,0.000666,160,0,0.0003,54.13,0.0,0.0,MGI,
HC_R_3,HC,rice,0.000639,288,0,0.0004,39.94,0.0,0.0,MGI,
HC_R_4,HC,rice,0.000761,131,0,0.0001,11.62,0.0,0.0,MGI,
HC_R_5,HC,rice,0.000995,146,0,0.0,0.0,0.0,0.0,MGI,
HC_R_6,HC,rice,0.00087,188,0,0.0004,27.77,0.0,0.0,MGI,
HC_R_7,HC,rice,0.000172,1363,0,0.0033,136.77,0.0,0.0,MGI,
HC_R_8,HC,rice,5.6e-05,404,0,0.0019,74.09,0.0,0.0,MGI,
HC_R_9,HC,rice,0.000226,373,0,0.0005,9.69,0.0,0.0,MGI,
HC_W_10,HC,wateroat,0.000452,341,0,0.0004,46.39,0.0,0.0,MGI,
HC_W_1,HC,wateroat,0.002861,14297,0,0.0011,21.61,0.0,0.0,MGI,
HC_W_2,HC,wateroat,0.00019,942,0,0.0012,74.64,0.0,0.0,MGI,
HC_W_3,HC,wateroat,0.00019,1118,0,0.0034,83.15,0.0,0.0,MGI,
HC_W_4,HC,wateroat,0.00033,824,0,0.0011,61.31,0.0,0.0,MGI,
HC_W_5,HC,wateroat,0.000126,1359,0,0.0016,74.54,0.0,0.0,MGI,
HC_W_6,HC,wateroat,9.9e-05,724,0,0.0018,73.65,0.0,0.0,MGI,
HC_W_7,HC,wateroat,0.000134,494,0,0.0013,30.76,0.0,0.0,MGI,
HC_W_8,HC,wateroat,0.000444,296,0,0.0008,45.01,0.0,0.0,MGI,
HC_W_9,HC,wateroat,0.002442,43758,1,0.1848,278.07,1.0,1.0,MGI,other
HH_R_10,HH,rice,0.001571,246,0,0.0,0.0,0.0,0.0,Illumina,
HH_R_1,HH,rice,0.00135,186,0,0.0002,36.28,0.0,0.0,Illumina,
HH_R_2,HH,rice,0.000686,110,0,0.0001,6.24,0.0,0.0,Illumina,
HH_R_3,HH,rice,0.000766,120,0,0.0001,19.15,0.0,0.0,Illumina,
HH_R_4,HH,rice,0.000899,148,0,0.0002,54.69,0.0,0.0,Illumina,
HH_R_5,HH,rice,0.000638,90,0,0.0001,7.09,0.0,0.0,Illumina,
HH_R_6,HH,rice,0.000597,86,0,0.0001,13.89,0.0,0.0,Illumina,
HH_R_7,HH,rice,0.919771,1724754,1,0.326,2542.13,1.0,1.0,Illumina,Cotesia (Braconidae)
HH_R_8,HH,rice,0.000927,170,0,0.0001,10.91,0.0,0.0,Illumina,
HH_R_9,HH,rice,0.000939,210,0,0.0003,53.65,0.0,0.0,Illumina,
HH_W_10,HH,wateroat,0.000753,118,0,0.0002,25.54,0.0,0.0,Illumina,
HH_W_1,HH,wateroat,0.000839,208,0,0.0,0.0,0.0,0.0,Illumina,
HH_W_2,HH,wateroat,0.008005,544136,1,0.0006,0.63,0.0,0.0,Illumina,Ichneumonidae (panel-outside)
HH_W_3,HH,wateroat,0.007117,7503,1,0.0002,2.85,0.0,0.0,Illumina,Ichneumonidae (panel-outside)
HH_W_4,HH,wateroat,0.000943,197,0,0.0,0.0,0.0,0.0,Illumina,
HH_W_5,HH,wateroat,0.008299,537595,1,0.0012,0.86,0.0,0.0,Illumina,Ichneumonidae (panel-outside)
HH_W_6,HH,wateroat,0.000697,143,0,0.0003,34.11,0.0,0.0,Illumina,
HH_W_7,HH,wateroat,0.000596,105,0,0.0001,17.04,0.0,0.0,Illumina,
HH_W_8,HH,wateroat,0.00068,114,0,0.0,0.0,0.0,0.0,Illumina,
HH_W_9,HH,wateroat,0.000599,115,0,0.0002,46.9,0.0,0.0,Illumina,
HR_R_10,HR,rice,0.012283,8724,0,0.0009,21.12,0.0,0.0,MGI,
HR_R_1,HR,rice,0.002775,284,0,0.0,0.0,0.0,0.0,MGI,
HR_R_2,HR,rice,0.900907,7279125,1,0.4168,923.66,1.0,1.0,MGI,Cotesia (Braconidae)
HR_R_3,HR,rice,0.002314,1555,0,0.0005,20.83,0.0,0.0,MGI,
HR_R_4,HR,rice,0.005248,3925,0,0.0014,24.07,0.0,0.0,MGI,
HR_R_5,HR,rice,0.002002,311,0,0.0002,64.37,0.0,0.0,MGI,
HR_R_6,HR,rice,0.933477,10050557,1,0.5397,1060.48,1.0,1.0,MGI,Cotesia (Braconidae)
HR_R_7,HR,rice,0.005177,2424,0,0.0002,8.54,0.0,0.0,MGI,
HR_R_8,HR,rice,0.003437,1964,0,0.0006,26.25,0.0,0.0,MGI,
HR_R_9,HR,rice,0.923143,7437334,1,0.4605,1300.19,1.0,1.0,MGI,Cotesia (Braconidae)
HR_W_10,HR,wateroat,0.326236,5944505,1,0.4148,403.81,1.0,1.0,MGI,Cotesia (Braconidae)
HR_W_1,HR,wateroat,0.004697,1580,0,0.0005,23.78,0.0,0.0,MGI,
HR_W_2,HR,wateroat,0.003138,511,0,0.0002,30.7,0.0,0.0,MGI,
HR_W_3,HR,wateroat,0.002914,346,0,0.0002,33.68,0.0,0.0,MGI,
HR_W_4,HR,wateroat,0.930969,2444621,1,0.3026,1878.6,1.0,1.0,MGI,Cotesia (Braconidae)
HR_W_5,HR,wateroat,0.001447,267,0,0.0003,81.3,0.0,0.0,MGI,
HR_W_6,HR,wateroat,0.005939,3730,0,0.0009,23.88,0.0,0.0,MGI,
HR_W_7,HR,wateroat,0.001527,157,0,0.0003,58.34,0.0,0.0,MGI,
HR_W_8,HR,wateroat,0.002011,21824,0,0.0011,2.95,0.0,0.0,MGI,
HR_W_9,HR,wateroat,0.007067,128545,0,0.0199,13.74,0.0,0.0,MGI,
HZ_R_10,HZ,rice,0.802841,875810,1,0.0889,1147.69,1.0,1.0,Illumina,Cotesia (Braconidae)
HZ_R_1,HZ,rice,0.001925,534,0,0.0002,14.42,0.0,0.0,Illumina,
HZ_R_2,HZ,rice,0.003268,1846,0,0.0001,12.39,0.0,0.0,Illumina,
HZ_R_3,HZ,rice,0.000615,108,0,0.0001,22.78,0.0,0.0,Illumina,
HZ_R_4,HZ,rice,0.758924,1053732,1,0.1971,2039.68,1.0,1.0,Illumina,Cotesia (Braconidae)
HZ_R_5,HZ,rice,0.844514,1215298,1,0.6264,9989.23,1.0,1.0,Illumina,Cotesia (Braconidae)
HZ_R_6,HZ,rice,0.010906,2276,0,0.0,0.0,0.0,0.0,Illumina,
HZ_R_7,HZ,rice,0.000754,158,0,0.0003,57.28,0.0,0.0,Illumina,
HZ_R_8,HZ,rice,0.00075,163,0,0.0003,18.41,0.0,0.0,Illumina,
HZ_R_9,HZ,rice,0.019993,3549,0,0.0003,50.7,0.0,0.0,Illumina,
NC2025_R_10,NC2025,rice,0.002541,2266,0,0.0014,51.58,0.0,0.0,MGI,
NC2025_R_1,NC2025,rice,0.951295,16723744,1,0.8392,2312.8,1.0,1.0,MGI,Cotesia (Braconidae)
NC2025_R_2,NC2025,rice,0.005716,2485,0,0.0007,32.2,0.0,0.0,MGI,
NC2025_R_3,NC2025,rice,0.283018,214180,1,0.0239,363.39,0.0,1.0,MGI,Cotesia (Braconidae)
NC2025_R_4,NC2025,rice,0.00524,2904,0,0.0009,32.48,0.0,0.0,MGI,
NC2025_R_5,NC2025,rice,0.006353,2992,0,0.0018,48.84,0.0,0.0,MGI,
NC2025_R_6,NC2025,rice,0.945709,18116764,1,0.8883,11364.83,1.0,1.0,MGI,Cotesia (Braconidae)
NC2025_R_7,NC2025,rice,0.004189,1572,0,0.0006,29.31,0.0,0.0,MGI,
NC2025_R_8,NC2025,rice,0.005565,2731,0,0.0005,22.41,0.0,0.0,MGI,
NC2025_R_9,NC2025,rice,0.0027,1524,0,0.0006,24.81,0.0,0.0,MGI,
NL_R_10,NL,rice,0.004105,1860,0,0.0005,33.11,0.0,0.0,MGI,
NL_R_11,NL,rice,0.002519,1335,0,0.0004,22.64,0.0,0.0,MGI,
NL_R_12,NL,rice,0.016284,6231,0,0.0005,26.13,0.0,0.0,MGI,
NL_R_13,NL,rice,0.003821,1623,0,0.0003,14.12,0.0,0.0,MGI,
NL_R_14,NL,rice,0.002769,1427,0,0.0007,58.21,0.0,0.0,MGI,
NL_R_15,NL,rice,0.011708,5692,0,0.001,37.02,0.0,0.0,MGI,
NL_R_1,NL,rice,0.002362,1130,0,0.0004,8.36,0.0,0.0,MGI,
NL_R_2,NL,rice,0.00365,2181,0,0.0007,25.11,0.0,0.0,MGI,
NL_R_3,NL,rice,0.007573,4589,0,0.0009,33.01,0.0,0.0,MGI,
NL_R_4,NL,rice,0.841347,2996690,1,0.1698,646.03,1.0,1.0,MGI,Cotesia (Braconidae)
NL_R_5,NL,rice,0.934378,8989375,1,0.7357,2322.91,1.0,1.0,MGI,Cotesia (Braconidae)
NL_R_6,NL,rice,0.217661,161138,1,0.0303,499.79,0.0,1.0,MGI,Cotesia (Braconidae)
NL_R_7,NL,rice,0.021534,12914,0,0.0022,55.03,0.0,0.0,MGI,
NL_R_8,NL,rice,0.006094,3955,0,0.0012,41.6,0.0,0.0,MGI,
NL_R_9,NL,rice,0.943389,12474432,1,0.4183,465.1,1.0,1.0,MGI,Cotesia (Braconidae)
NL_W_10,NL,wateroat,0.006543,3291,0,0.0006,31.81,0.0,0.0,MGI,
NL_W_11,NL,wateroat,0.002869,2025,0,0.001,28.34,0.0,0.0,MGI,
NL_W_12,NL,wateroat,0.003499,2132,0,0.0016,47.6,0.0,0.0,MGI,
NL_W_13,NL,wateroat,0.00385,2127,0,0.0004,19.91,0.0,0.0,MGI,
NL_W_14,NL,wateroat,0.760138,1335595,1,0.1518,941.35,1.0,1.0,MGI,Cotesia (Braconidae)
NL_W_15,NL,wateroat,0.003731,2164,0,0.0003,13.79,0.0,0.0,MGI,
NL_W_1,NL,wateroat,0.003689,1955,0,0.0012,37.74,0.0,0.0,MGI,
NL_W_2,NL,wateroat,0.001993,3179,0,0.0006,8.15,0.0,0.0,MGI,
NL_W_3,NL,wateroat,0.00206,8128,0,0.0005,2.03,0.0,0.0,MGI,
NL_W_4,NL,wateroat,0.001907,8679,0,0.0006,3.3,0.0,0.0,MGI,
NL_W_5,NL,wateroat,0.003576,2087,0,0.0009,37.7,0.0,0.0,MGI,
NL_W_6,NL,wateroat,0.002845,2758,0,0.0016,61.9,0.0,0.0,MGI,
NL_W_7,NL,wateroat,0.001209,225,0,0.0002,42.99,0.0,0.0,MGI,
NL_W_8,NL,wateroat,0.003556,2528,0,0.001,36.58,0.0,0.0,MGI,
NL_W_9,NL,wateroat,0.003316,2054,0,0.0023,51.66,0.0,0.0,MGI,
PYH_R_10,PYH,rice,0.423869,917023,1,0.6983,7914.64,1.0,1.0,Illumina,Cotesia (Braconidae)
PYH_R_1,PYH,rice,0.000601,85,0,0.0002,21.2,0.0,0.0,Illumina,
PYH_R_2,PYH,rice,0.000877,159,0,0.0005,71.71,0.0,0.0,Illumina,
PYH_R_3,PYH,rice,0.259054,351678,1,0.0003,7.37,0.0,0.0,Illumina,Braconidae non-Cotesia
PYH_R_4,PYH,rice,0.000468,63,0,0.0,0.0,0.0,0.0,Illumina,
PYH_R_5,PYH,rice,0.000846,132,0,0.0002,12.82,0.0,0.0,Illumina,
PYH_R_6,PYH,rice,0.000702,141,0,0.0001,9.96,0.0,0.0,Illumina,
PYH_R_7,PYH,rice,0.000538,80,0,0.0002,33.6,0.0,0.0,Illumina,
PYH_R_8,PYH,rice,0.000522,74,0,0.0002,21.18,0.0,0.0,Illumina,
PYH_R_9,PYH,rice,0.00052,96,0,0.0002,37.91,0.0,0.0,Illumina,
PYH_W_10,PYH,wateroat,0.000543,80,0,0.0,0.0,0.0,0.0,Illumina,
PYH_W_1,PYH,wateroat,0.000654,98,0,0.0001,13.35,0.0,0.0,Illumina,
PYH_W_2,PYH,wateroat,0.000675,93,0,0.0001,14.51,0.0,0.0,Illumina,
PYH_W_3,PYH,wateroat,0.008029,447914,1,0.0001,0.29,0.0,0.0,Illumina,Ichneumonidae (panel-outside)
PYH_W_4,PYH,wateroat,0.00064,129,0,0.0001,9.92,0.0,0.0,Illumina,
PYH_W_5,PYH,wateroat,0.000677,88,0,0.0,0.0,0.0,0.0,Illumina,
PYH_W_6,PYH,wateroat,0.000549,84,0,0.0,0.0,0.0,0.0,Illumina,
PYH_W_7,PYH,wateroat,0.007378,15525,1,0.0001,0.48,0.0,0.0,Illumina,Ichneumonidae (panel-outside)
PYH_W_8,PYH,wateroat,0.00055,72,0,0.0,0.0,0.0,0.0,Illumina,
PYH_W_9,PYH,wateroat,0.000454,77,0,0.0002,11.8,0.0,0.0,Illumina,
WH_R_10,WH,rice,0.000955,124,0,0.0002,38.5,0.0,0.0,Illumina,
WH_R_1,WH,rice,0.000979,202,0,0.0,0.0,0.0,0.0,Illumina,
WH_R_2,WH,rice,0.000684,144,0,0.0004,95.07,0.0,0.0,Illumina,
WH_R_3,WH,rice,0.00072,105,0,0.0003,54.89,0.0,0.0,Illumina,
WH_R_4,WH,rice,0.000634,127,0,0.0001,4.99,0.0,0.0,Illumina,
WH_R_5,WH,rice,0.000736,123,0,0.0001,17.96,0.0,0.0,Illumina,
WH_R_6,WH,rice,0.001076,206,0,0.0005,83.54,0.0,0.0,Illumina,
WH_R_7,WH,rice,0.000996,582,0,0.0014,112.95,0.0,0.0,Illumina,
WH_R_8,WH,rice,0.001135,182,0,0.0001,12.47,0.0,0.0,Illumina,
WH_R_9,WH,rice,0.001202,186,0,0.0,0.0,0.0,0.0,Illumina,
WH_W_10,WH,wateroat,0.008246,524713,1,0.0002,0.3,0.0,0.0,Illumina,Ichneumonidae (panel-outside)
WH_W_1,WH,wateroat,0.008076,45601,1,0.0001,0.18,0.0,0.0,Illumina,Ichneumonidae (panel-outside)
WH_W_2,WH,wateroat,0.000696,111,0,0.0,0.0,0.0,0.0,Illumina,
WH_W_3,WH,wateroat,0.008118,28562,1,0.0,0.0,0.0,0.0,Illumina,Ichneumonidae (panel-outside)
WH_W_4,WH,wateroat,0.00055,89,0,0.0001,6.18,0.0,0.0,Illumina,
WH_W_5,WH,wateroat,0.000747,136,0,0.0004,43.94,0.0,0.0,Illumina,
WH_W_6,WH,wateroat,0.008505,621503,1,0.0004,0.42,0.0,0.0,Illumina,Ichneumonidae (panel-outside)
WH_W_7,WH,wateroat,0.008359,655528,1,0.0002,0.19,0.0,0.0,Illumina,Ichneumonidae (panel-outside)
WH_W_8,WH,wateroat,0.008241,526194,1,0.0007,0.47,0.0,0.0,Illumina,Ichneumonidae (panel-outside)
WH_W_9,WH,wateroat,0.000424,73,0,0.0001,5.81,0.0,0.0,Illumina,
