gene,L,n_cmp,d_AB,A_to_A,A_to_B,B_to_B,B_to_A,A_placement,B_placement,AB_closer_than_either,AB_closer_than_both
og0000,295,295,0.118644,0.013699,0.101695,0.016949,0.116438,A supergroup,B supergroup,False,False
og0001,191,191,0.094241,0.0,0.089005,0.005236,0.094241,A supergroup,B supergroup,False,False
og0002,88,85,0.058824,0.0,0.047059,0.0,0.058824,A supergroup,B supergroup,False,False
og0003,428,424,0.115566,0.002342,0.117925,0.002353,0.115566,A supergroup,B supergroup,False,False
og0004,390,390,0.035897,0.005128,0.038462,0.010256,0.028112,A supergroup,B supergroup,False,False
og0005,452,443,0.090293,0.0,0.072319,0.006726,0.041812,A supergroup,B supergroup,False,False
og0006,211,102,0.343137,0.107843,0.333333,0.014925,0.183246,A supergroup,B supergroup,False,False
og0007,380,172,0.162791,0.075581,0.151163,0.007979,0.078078,A supergroup,B supergroup,False,False
og0008,331,149,0.09396,0.0,0.09396,0.0,0.045593,A supergroup,B supergroup,False,False
og0010,268,254,0.15748,0.007874,0.153543,0.007874,0.121739,A supergroup,B supergroup,False,False
og0011,517,516,0.04845,0.003876,0.040698,0.01938,0.04845,A supergroup,B supergroup,False,False
og0012,295,295,0.098305,0.037288,0.084746,0.0,0.111864,A supergroup,B supergroup,False,False
og0013,145,145,0.110345,0.02069,0.096552,0.027586,0.131034,A supergroup,B supergroup,False,False
og0014,1056,796,0.237437,0.032819,0.193059,0.017522,0.234925,A supergroup,B supergroup,False,False
og0015,465,457,0.105033,0.006565,0.091904,0.008677,0.102845,A supergroup,B supergroup,False,False
og0016,343,340,0.220588,0.002915,0.205882,0.032353,0.207171,A supergroup,B supergroup,False,False
og0017,313,308,0.126623,0.0,0.12013,0.032468,0.119617,A supergroup,B supergroup,False,False
og0018,199,198,0.075758,0.0,0.070707,0.005025,0.070707,A supergroup,B supergroup,False,False
og0019,448,444,0.202703,0.006742,0.20045,0.004474,0.169492,A supergroup,B supergroup,False,False
og0020,208,208,0.048077,0.0,0.043269,0.0,0.048077,A supergroup,B supergroup,False,False
og0021,426,425,0.051765,0.0,0.049412,0.0,0.051765,A supergroup,B supergroup,False,False
og0022,819,812,0.121921,0.004896,0.096814,0.041769,0.12069,A supergroup,B supergroup,False,False
og0023,442,364,0.123626,0.009302,0.137529,0.080838,0.120879,A supergroup,B supergroup,False,False
og0024,579,578,0.086505,0.0,0.079585,0.018998,0.086356,A supergroup,B supergroup,False,False
og0025,268,265,0.162264,0.014925,0.135849,0.030189,0.153846,A supergroup,B supergroup,False,False
og0026,96,96,0.135417,0.0,0.145833,0.010417,0.125,A supergroup,B supergroup,False,False
og0027,553,548,0.087591,0.003643,0.085766,0.001812,0.087591,A supergroup,B supergroup,False,False
og0028,490,445,0.069663,0.008949,0.058427,0.013483,0.065753,A supergroup,B supergroup,False,False
og0029,1103,673,0.447251,0.008989,0.327957,0.045706,0.444279,A supergroup,B supergroup,False,False
og0030,198,196,0.081633,0.0,0.040816,0.010204,0.048276,A supergroup,B supergroup,False,False
og0031,87,78,0.051282,0.0,0.051282,0.0,0.051282,A supergroup,B supergroup,False,False
og0032,436,425,0.089412,0.018824,0.08,0.023529,0.098824,A supergroup,B supergroup,False,False
og0033,236,236,0.09322,0.004237,0.09322,0.025424,0.076271,A supergroup,B supergroup,False,False
og0034,286,272,0.051471,0.007246,0.055147,0.007353,0.044118,A supergroup,B supergroup,False,False
og0036,586,577,0.161179,0.012027,0.152513,0.046794,0.158621,A supergroup,B supergroup,False,False
og0037,404,112,0.1875,0.002558,0.097938,0.026786,0.1875,A supergroup,B supergroup,False,False
og0038,548,509,0.121807,0.009174,0.113949,0.011788,0.117878,A supergroup,B supergroup,False,False
og0039,483,480,0.054167,0.006211,0.05,0.004167,0.054167,A supergroup,B supergroup,False,False
og0040,213,198,0.181818,0.025253,0.191919,0.04,0.19697,A supergroup,B supergroup,False,False
og0041,233,224,0.107143,0.008929,0.094737,0.0,0.096774,A supergroup,B supergroup,False,False
og0042,1160,1065,0.153991,0.034091,0.148058,0.015611,0.127841,A supergroup,B supergroup,False,False
og0043,288,288,0.225694,0.006944,0.225694,0.003472,0.220472,A supergroup,B supergroup,False,False
og0044,121,115,0.13913,0.008475,0.147826,0.008696,0.147826,A supergroup,B supergroup,False,False
og0045,269,266,0.109023,0.0,0.105263,0.003717,0.107807,A supergroup,B supergroup,False,False
og0046,65,55,0.4,0.0,0.381818,0.0,0.327273,A supergroup,B supergroup,False,False
og0047,347,330,0.169697,0.009091,0.169697,0.0,0.163636,A supergroup,B supergroup,False,False
og0048,276,259,0.135135,0.003831,0.130268,0.019084,0.127413,A supergroup,B supergroup,False,False
og0049,252,252,0.095238,0.0,0.09127,0.003968,0.094241,A supergroup,B supergroup,False,False
og0050,338,335,0.065672,0.0,0.062687,0.002985,0.059701,A supergroup,B supergroup,False,False
og0051,456,456,0.092105,0.009288,0.078947,0.006579,0.083591,A supergroup,B supergroup,False,False
og0052,491,483,0.171843,0.019672,0.171843,0.008247,0.157377,A supergroup,B supergroup,False,False
og0053,393,160,0.15,0.0,0.120419,0.0625,0.15,A supergroup,B supergroup,False,False
og0054,704,648,0.117284,0.027231,0.111111,0.01682,0.108559,A supergroup,B supergroup,False,False
og0055,104,104,0.096154,0.0,0.086538,0.009615,0.096154,A supergroup,B supergroup,False,False
og0056,291,287,0.055749,0.003484,0.031359,0.017241,0.04878,A supergroup,B supergroup,False,False
og0057,238,232,0.133621,0.0,0.133621,0.021552,0.133621,A supergroup,B supergroup,False,False
og0058,571,227,0.110132,0.010949,0.092179,0.026432,0.105727,A supergroup,B supergroup,False,False
og0059,491,488,0.084016,0.00818,0.088115,0.022541,0.07582,A supergroup,B supergroup,False,False
og0060,411,408,0.073529,0.040698,0.07598,0.002451,0.063953,A supergroup,B supergroup,False,False
og0061,330,303,0.191419,0.045161,0.191419,0.01278,0.20462,A supergroup,B supergroup,False,False
og0062,511,483,0.146998,0.006061,0.139738,0.004141,0.142857,A supergroup,B supergroup,False,False
og0063,454,326,0.150307,0.013216,0.127803,0.02454,0.132716,A supergroup,B supergroup,False,False
og0064,542,331,0.425982,0.040161,0.323529,0.824176,0.398734,A supergroup,A supergroup,True,False
og0065,426,421,0.137767,0.007075,0.132701,0.023697,0.133017,A supergroup,B supergroup,False,False
og0066,340,340,0.152941,0.002941,0.136499,0.029674,0.152941,A supergroup,B supergroup,False,False
og0067,481,333,0.132132,0.002155,0.075758,0.045181,0.132132,A supergroup,B supergroup,False,False
og0068,120,107,0.093458,0.0,0.102804,0.056075,0.093458,A supergroup,B supergroup,False,False
og0069,74,72,0.138889,0.0,0.111111,0.041667,0.138889,A supergroup,B supergroup,False,False
og0070,449,440,0.111364,0.006818,0.100228,0.027335,0.109091,A supergroup,B supergroup,False,False
og0071,198,180,0.161111,0.005556,0.161111,0.0,0.146893,A supergroup,B supergroup,False,False
og0072,362,299,0.451505,0.035144,0.472131,0.104167,0.429268,A supergroup,B supergroup,False,False
og0073,244,209,0.15311,0.025532,0.162281,0.038278,0.141414,A supergroup,B supergroup,False,False
og0074,249,246,0.093496,0.00813,0.081301,0.02439,0.085366,A supergroup,B supergroup,False,False
og0075,362,304,0.194079,0.00641,0.179487,0.034682,0.194079,A supergroup,B supergroup,False,False
og0076,290,288,0.083333,0.010381,0.090278,0.020761,0.072917,A supergroup,B supergroup,False,False
og0077,473,458,0.135371,0.006424,0.126638,0.021378,0.133188,A supergroup,B supergroup,False,False
og0078,598,598,0.058528,0.005017,0.055184,0.003344,0.060201,A supergroup,B supergroup,False,False
og0079,332,332,0.045181,0.003012,0.039157,0.01506,0.042169,A supergroup,B supergroup,False,False
og0080,425,399,0.200501,0.01,0.203008,0.0025,0.1075,A supergroup,B supergroup,False,False
og0081,149,135,0.148148,0.014815,0.133333,0.014184,0.140741,A supergroup,B supergroup,False,False
og0082,539,534,0.151685,0.00189,0.153558,0.009346,0.149338,A supergroup,B supergroup,False,False
og0083,876,630,0.128571,0.036496,0.109337,0.0832,0.134707,A supergroup,B supergroup,False,False
og0084,227,223,0.116592,0.0,0.125561,0.048673,0.116592,A supergroup,B supergroup,False,False
og0085,255,252,0.063492,0.003953,0.063492,0.0,0.06746,A supergroup,B supergroup,False,False
og0086,365,323,0.120743,0.016438,0.117647,0.021672,0.120743,A supergroup,B supergroup,False,False
og0087,852,208,0.581731,0.007229,0.470588,0.243636,0.538813,A supergroup,B supergroup,False,False
og0088,421,389,0.123393,0.030769,0.120823,0.02716,0.11054,A supergroup,B supergroup,False,False
og0089,367,364,0.068681,0.005495,0.046703,0.041209,0.065934,A supergroup,B supergroup,False,False
og0090,460,314,0.369427,0.034591,0.307359,0.059006,0.359375,A supergroup,B supergroup,False,False
og0091,612,588,0.183673,0.018303,0.181973,0.006803,0.182906,A supergroup,B supergroup,False,False
og0092,212,201,0.149254,0.004878,0.134328,0.039604,0.139303,A supergroup,B supergroup,False,False
og0093,1235,692,0.447977,0.053691,0.436798,0.087404,0.377049,A supergroup,B supergroup,False,False
og0094,601,599,0.066778,0.005008,0.063439,0.003339,0.063439,A supergroup,B supergroup,False,False
og0095,476,450,0.131111,0.006969,0.111111,0.031111,0.088028,A supergroup,B supergroup,False,False
og0096,266,138,0.471014,0.015936,0.470046,0.071429,0.367925,A supergroup,B supergroup,False,False
og0097,719,658,0.094225,0.005789,0.079595,0.045732,0.091185,A supergroup,B supergroup,False,False
og0098,353,331,0.187311,0.04386,0.158055,0.006042,0.163142,A supergroup,B supergroup,False,False
og0099,535,236,0.190678,0.032136,0.140049,0.017021,0.169492,A supergroup,B supergroup,False,False
og0100,158,158,0.056962,0.006329,0.063291,0.012658,0.050633,A supergroup,B supergroup,False,False
og0101,159,159,0.132075,0.044025,0.125786,0.006289,0.119497,A supergroup,B supergroup,False,False
og0102,75,75,0.0,0.0,0.0,0.0,0.0,B supergroup,A supergroup,False,False
og0103,241,241,0.06639,0.008299,0.06639,0.0,0.06639,A supergroup,B supergroup,False,False
og0104,614,402,0.166667,0.022388,0.161692,0.003317,0.139303,A supergroup,B supergroup,False,False
og0105,147,120,0.208333,0.00813,0.208333,0.0,0.2,A supergroup,B supergroup,False,False
og0106,292,271,0.147601,0.003546,0.143911,0.02583,0.151292,A supergroup,B supergroup,False,False
og0107,290,278,0.140288,0.031469,0.132143,0.014337,0.133094,A supergroup,B supergroup,False,False
og0108,247,233,0.197425,0.042918,0.184549,0.008097,0.137652,A supergroup,B supergroup,False,False
og0109,185,185,0.135135,0.0,0.12973,0.016216,0.12973,A supergroup,B supergroup,False,False
og0110,437,428,0.369159,0.00232,0.126168,0.38785,0.364103,A supergroup,A supergroup,True,False
og0111,621,600,0.058333,0.008333,0.058333,0.035,0.051667,A supergroup,B supergroup,False,False
og0112,420,420,0.297619,0.004762,0.280952,0.035714,0.292857,A supergroup,B supergroup,False,False
og0113,404,307,0.123779,0.003257,0.100977,0.003115,0.120521,A supergroup,B supergroup,False,False
og0114,329,224,0.075893,0.0,0.058282,0.004464,0.075893,A supergroup,B supergroup,False,False
og0115,142,126,0.15873,0.0,0.147887,0.0,0.15873,A supergroup,B supergroup,False,False
og0116,448,438,0.059361,0.0,0.057078,0.004545,0.059361,A supergroup,B supergroup,False,False
og0117,1147,1050,0.104762,0.041404,0.10381,0.067235,0.099237,A supergroup,B supergroup,False,False
og0118,793,779,0.157895,0.007702,0.154044,0.025674,0.15276,A supergroup,B supergroup,False,False
og0119,302,292,0.150685,0.006849,0.14726,0.020548,0.133562,A supergroup,B supergroup,False,False
og0120,390,129,0.046512,0.017949,0.066667,0.0,0.054264,A supergroup,B supergroup,False,False
og0121,886,883,0.078143,0.007901,0.079275,0.002265,0.078143,A supergroup,B supergroup,False,False
og0122,214,213,0.079812,0.004695,0.084507,0.018779,0.075117,A supergroup,B supergroup,False,False
og0123,530,516,0.075581,0.008032,0.065606,0.001988,0.064257,A supergroup,B supergroup,False,False
og0124,282,244,0.102459,0.024038,0.098361,0.020492,0.098361,A supergroup,B supergroup,False,False
og0125,432,423,0.148936,0.0,0.144208,0.011655,0.138138,A supergroup,B supergroup,False,False
og0126,217,214,0.214953,0.0,0.116822,0.023041,0.119816,A supergroup,B supergroup,False,False
og0127,186,182,0.137363,0.0,0.137363,0.0,0.137363,A supergroup,B supergroup,False,False
og0128,150,116,0.103448,0.0,0.12069,0.017094,0.103448,A supergroup,B supergroup,False,False
og0129,156,156,0.089744,0.00641,0.102564,0.012821,0.083333,A supergroup,B supergroup,False,False
og0130,170,170,0.058824,0.0,0.052941,0.0,0.058824,A supergroup,B supergroup,False,False
og0131,129,123,0.170732,0.0,0.178862,0.01626,0.170732,A supergroup,B supergroup,False,False
og0132,156,131,0.160305,0.0,0.160305,0.00641,0.160305,A supergroup,B supergroup,False,False
og0133,102,102,0.147059,0.0,0.147059,0.0,0.147059,A supergroup,B supergroup,False,False
og0134,178,177,0.067797,0.0,0.056497,0.005618,0.067797,A supergroup,B supergroup,False,False
og0135,105,105,0.114286,0.0,0.114286,0.009524,0.114286,A supergroup,B supergroup,False,False
og0136,123,119,0.10084,0.0,0.10084,0.0,0.10084,A supergroup,B supergroup,False,False
og0137,78,76,0.131579,0.0,0.131579,0.0,0.131579,A supergroup,B supergroup,False,False
og0138,67,67,0.223881,0.0,0.19403,0.029851,0.223881,A supergroup,B supergroup,False,False
og0139,117,115,0.147826,0.0,0.13913,0.008621,0.147826,A supergroup,B supergroup,False,False
og0140,94,94,0.202128,0.010638,0.202128,0.0,0.191489,A supergroup,B supergroup,False,False
og0141,204,204,0.093137,0.004902,0.078431,0.014706,0.088235,A supergroup,B supergroup,False,False
og0142,246,240,0.079167,0.0,0.075,0.004167,0.079167,A supergroup,B supergroup,False,False
og0143,390,390,0.025641,0.002564,0.023077,0.0,0.023077,A supergroup,B supergroup,False,False
og0144,314,305,0.12459,0.035948,0.125,0.022801,0.104918,A supergroup,B supergroup,False,False
og0145,929,881,0.097616,0.023887,0.097285,0.026018,0.058824,A supergroup,B supergroup,False,False
og0146,464,441,0.14059,0.0,0.136054,0.034014,0.127907,A supergroup,B supergroup,False,False
og0147,395,378,0.164021,0.010582,0.145503,0.01519,0.166667,A supergroup,B supergroup,False,False
og0148,232,232,0.159483,0.005714,0.137931,0.034483,0.131429,A supergroup,B supergroup,False,False
og0149,77,54,0.12963,0.0,0.166667,0.027027,0.12963,A supergroup,B supergroup,False,False
og0150,224,224,0.151786,0.008929,0.120536,0.040179,0.118644,A supergroup,B supergroup,False,False
og0151,155,142,0.112676,0.006536,0.114286,0.007042,0.105634,A supergroup,B supergroup,False,False
og0152,399,399,0.080201,0.002506,0.087719,0.027569,0.080201,A supergroup,B supergroup,False,False
og0153,466,358,0.156425,0.0,0.115607,0.064677,0.156425,A supergroup,B supergroup,False,False
og0154,226,224,0.120536,0.022124,0.107143,0.004464,0.120536,A supergroup,B supergroup,False,False
og0155,280,276,0.126812,0.0,0.119565,0.014286,0.072,A supergroup,B supergroup,False,False
og0156,94,93,0.107527,0.0,0.107527,0.086022,0.107527,A supergroup,B supergroup,False,False
og0157,130,123,0.227642,0.03252,0.203252,0.089431,0.211382,A supergroup,B supergroup,False,False
og0158,418,341,0.202346,0.011461,0.174556,0.068452,0.177914,A supergroup,B supergroup,False,False
og0159,528,514,0.145914,0.0,0.145914,0.011583,0.153696,A supergroup,B supergroup,False,False
og0160,282,278,0.197842,0.007168,0.164062,0.042969,0.194245,A supergroup,B supergroup,False,False
og0161,503,467,0.077088,0.006424,0.068522,0.023857,0.073705,A supergroup,B supergroup,False,False
og0162,402,396,0.093434,0.0,0.094148,0.017632,0.093434,A supergroup,B supergroup,False,False
og0163,133,132,0.181818,0.007576,0.174242,0.022727,0.181818,A supergroup,B supergroup,False,False
og0164,152,150,0.213333,0.0,0.213333,0.0,0.213333,A supergroup,B supergroup,False,False
og0165,262,262,0.103053,0.0,0.09542,0.015267,0.103053,A supergroup,B supergroup,False,False
og0166,160,160,0.175,0.00625,0.16875,0.0,0.175,A supergroup,B supergroup,False,False
og0167,327,325,0.178462,0.003058,0.178462,0.009231,0.175385,A supergroup,B supergroup,False,False
og0168,256,256,0.058594,0.0,0.054688,0.007812,0.058594,A supergroup,B supergroup,False,False
og0169,425,423,0.092199,0.0,0.08747,0.004717,0.092199,A supergroup,B supergroup,False,False
og0170,206,117,0.094017,0.019417,0.10396,0.0,0.059829,A supergroup,B supergroup,False,False
og0171,294,294,0.091837,0.003401,0.091837,0.0,0.095238,A supergroup,B supergroup,False,False
og0172,275,273,0.065934,0.003663,0.058608,0.007273,0.062271,A supergroup,B supergroup,False,False
og0173,705,652,0.185583,0.004552,0.167178,0.046579,0.145078,A supergroup,B supergroup,False,False
og0174,369,369,0.173442,0.02439,0.165312,0.00271,0.170616,A supergroup,B supergroup,False,False
og0175,462,456,0.072368,0.013158,0.057018,0.004357,0.065789,A supergroup,B supergroup,False,False
og0176,392,168,0.154762,0.017986,0.100719,0.059524,0.136905,A supergroup,B supergroup,False,False
og0177,318,312,0.057692,0.00641,0.067308,0.009524,0.064103,A supergroup,B supergroup,False,False
og0178,199,199,0.095477,0.0,0.110553,0.015075,0.095477,A supergroup,B supergroup,False,False
og0179,290,290,0.151724,0.0,0.151724,0.013793,0.151724,A supergroup,B supergroup,False,False
og0180,146,112,0.258929,0.0,0.258929,0.0,0.258929,A supergroup,B supergroup,False,False
og0181,349,310,0.154839,0.0,0.151613,0.009677,0.154839,A supergroup,B supergroup,False,False
og0182,158,158,0.120253,0.0,0.120253,0.0,0.120253,A supergroup,B supergroup,False,False
og0183,460,230,0.178261,0.028902,0.196532,0.026415,0.188679,A supergroup,B supergroup,False,False
og0184,175,174,0.086207,0.005714,0.074286,0.011494,0.08046,A supergroup,B supergroup,False,False
og0185,253,162,0.135802,0.0,0.103586,0.055556,0.135802,A supergroup,B supergroup,False,False
og0186,334,330,0.112121,0.0,0.10303,0.051205,0.109091,A supergroup,B supergroup,False,False
og0187,189,186,0.155914,0.010582,0.145161,0.010753,0.145161,A supergroup,B supergroup,False,False
og0188,328,197,0.177665,0.050761,0.167513,0.015244,0.152439,A supergroup,B supergroup,False,False
og0189,106,104,0.067308,0.009434,0.067308,0.0,0.057692,A supergroup,B supergroup,False,False
og0190,602,599,0.158598,0.004494,0.160267,0.001669,0.149321,A supergroup,B supergroup,False,False
og0191,202,199,0.170854,0.005,0.155779,0.0,0.165829,A supergroup,B supergroup,False,False
og0192,471,467,0.08137,0.0,0.08137,0.0,0.08137,A supergroup,B supergroup,False,False
og0193,481,469,0.055437,0.037657,0.046908,0.016949,0.072495,A supergroup,B supergroup,False,False
og0194,215,212,0.070755,0.0,0.056604,0.023585,0.066038,A supergroup,B supergroup,False,False
og0195,401,398,0.175879,0.01005,0.163317,0.032663,0.168342,A supergroup,B supergroup,False,False
og0196,433,430,0.093023,0.0,0.069767,0.034884,0.090698,A supergroup,B supergroup,False,False
og0197,187,184,0.152174,0.005435,0.130435,0.01087,0.146739,A supergroup,B supergroup,False,False
og0198,92,91,0.032967,0.0,0.032967,0.0,0.032967,A supergroup,B supergroup,False,False
og0199,267,257,0.330739,0.016529,0.330739,0.011673,0.315175,A supergroup,B supergroup,False,False
og0200,1162,1117,0.082363,0.017857,0.078876,0.013228,0.054156,A supergroup,B supergroup,False,False
og0201,685,651,0.129032,0.012085,0.124424,0.006144,0.122888,A supergroup,B supergroup,False,False
og0202,325,262,0.10687,0.01145,0.10687,0.01145,0.110687,A supergroup,B supergroup,False,False
og0203,160,160,0.05625,0.0,0.05625,0.0,0.04375,A supergroup,B supergroup,False,False
og0204,271,262,0.209924,0.0,0.209924,0.0,0.1875,A supergroup,B supergroup,False,False
og0205,202,202,0.148515,0.009901,0.148515,0.00495,0.158416,A supergroup,B supergroup,False,False
og0206,489,479,0.162839,0.0,0.160752,0.030864,0.154255,A supergroup,B supergroup,False,False
og0207,581,581,0.049914,0.001721,0.049914,0.001721,0.051056,A supergroup,B supergroup,False,False
og0208,263,263,0.114068,0.003802,0.098859,0.0,0.108108,A supergroup,B supergroup,False,False
og0209,149,149,0.073826,0.0,0.073826,0.0,0.073826,A supergroup,B supergroup,False,False
og0210,138,138,0.195652,0.0,0.195652,0.0,0.195652,A supergroup,B supergroup,False,False
og0211,425,419,0.090692,0.007109,0.083532,0.002387,0.088305,A supergroup,B supergroup,False,False
og0212,128,118,0.177966,0.0,0.177966,0.0,0.177966,A supergroup,B supergroup,False,False
og0213,506,490,0.093878,0.018256,0.093306,0.002004,0.102204,A supergroup,B supergroup,False,False
og0214,225,213,0.197183,0.023041,0.14486,0.013889,0.206573,A supergroup,B supergroup,False,False
og0215,269,264,0.136364,0.041667,0.119342,0.045267,0.147727,A supergroup,B supergroup,False,False
og0216,286,273,0.157509,0.029304,0.150183,0.031802,0.157509,A supergroup,B supergroup,False,False
og0217,208,195,0.169231,0.030769,0.164103,0.020513,0.184615,A supergroup,B supergroup,False,False
og0218,156,156,0.134615,0.00641,0.134615,0.012821,0.141026,A supergroup,B supergroup,False,False
og0219,297,294,0.132653,0.003401,0.129252,0.010101,0.129252,A supergroup,B supergroup,False,False
og0220,682,673,0.106984,0.002972,0.098068,0.0162,0.102526,A supergroup,B supergroup,False,False
og0221,198,140,0.235714,0.0,0.228571,0.0,0.17284,A supergroup,B supergroup,False,False
og0222,111,111,0.189189,0.045045,0.198198,0.009009,0.18018,A supergroup,B supergroup,False,False
og0223,477,473,0.067653,0.002101,0.067653,0.004228,0.065539,A supergroup,B supergroup,False,False
og0224,246,228,0.166667,0.004329,0.171053,0.012346,0.162281,A supergroup,B supergroup,False,False
og0225,295,240,0.225,0.0,0.225,0.004167,0.225,A supergroup,B supergroup,False,False
og0226,597,578,0.185121,0.00339,0.173913,0.015464,0.185121,A supergroup,B supergroup,False,False
og0227,641,636,0.062893,0.003125,0.051887,0.017268,0.061321,A supergroup,B supergroup,False,False
og0228,102,94,0.074468,0.0,0.148936,0.117021,0.053191,A supergroup,A supergroup,True,False
og0229,413,413,0.075061,0.0,0.102439,0.109756,0.075061,A supergroup,A supergroup,True,False
og0230,573,473,0.264271,0.063158,0.27234,0.063707,0.163065,A supergroup,B supergroup,False,False
og0231,940,862,0.097448,0.016112,0.096983,0.017341,0.095128,A supergroup,B supergroup,False,False
og0232,172,170,0.176471,0.005882,0.170588,0.017647,0.170588,A supergroup,B supergroup,False,False
og0233,1115,966,0.099379,0.058527,0.098344,0.027424,0.086687,A supergroup,B supergroup,False,False
og0234,991,875,0.211429,0.051643,0.203429,0.040248,0.184748,A supergroup,B supergroup,False,False
og0235,206,206,0.092233,0.004854,0.07767,0.038835,0.066667,A supergroup,B supergroup,False,False
og0236,108,107,0.11215,0.0,0.11215,0.0,0.102804,A supergroup,B supergroup,False,False
og0237,184,156,0.230769,0.050314,0.205128,0.012821,0.217949,A supergroup,B supergroup,False,False
og0238,261,248,0.137097,0.004032,0.133065,0.003831,0.133065,A supergroup,B supergroup,False,False
og0239,298,257,0.116732,0.011673,0.101167,0.016949,0.128814,A supergroup,B supergroup,False,False
og0240,343,247,0.117409,0.004049,0.121457,0.011834,0.118343,A supergroup,B supergroup,False,False
og0241,564,510,0.178431,0.0,0.170588,0.011765,0.17301,A supergroup,B supergroup,False,False
og0242,199,196,0.122449,0.005102,0.122449,0.0,0.117347,A supergroup,B supergroup,False,False
og0243,182,182,0.131868,0.005495,0.131868,0.0,0.137363,A supergroup,B supergroup,False,False
og0244,221,209,0.282297,0.0,0.163636,0.014354,0.277512,A supergroup,B supergroup,False,False
og0245,1310,1057,0.186377,0.084746,0.140545,0.036111,0.118644,A supergroup,B supergroup,False,False
og0246,1075,930,0.276344,0.009174,0.264454,0.057471,0.139456,A supergroup,B supergroup,False,False
og0247,840,776,0.226804,0.001258,0.191532,0.016129,0.222938,A supergroup,B supergroup,False,False
og0248,936,829,0.15199,0.0047,0.152745,0.024735,0.140374,A supergroup,B supergroup,False,False
og0249,801,801,0.054931,0.002497,0.054931,0.004994,0.048023,A supergroup,B supergroup,False,False
og0250,98,98,0.030612,0.0,0.030612,0.0,0.030612,A supergroup,B supergroup,False,False
og0251,525,511,0.078278,0.001957,0.07045,0.015238,0.076321,A supergroup,B supergroup,False,False
og0252,901,854,0.13466,0.012543,0.139344,0.024504,0.123687,A supergroup,B supergroup,False,False
og0253,147,147,0.115646,0.006803,0.115646,0.027211,0.108844,A supergroup,B supergroup,False,False
og0254,68,68,0.029412,0.014706,0.029412,0.014706,0.044118,A supergroup,B supergroup,False,False
og0255,121,121,0.115702,0.033058,0.07438,0.016529,0.115702,A supergroup,B supergroup,False,False
og0256,297,294,0.142857,0.047619,0.132653,0.003401,0.125,A supergroup,B supergroup,False,False
og0257,517,503,0.125249,0.025845,0.119284,0.007905,0.117296,A supergroup,B supergroup,False,False
og0258,521,498,0.106426,0.035573,0.10241,0.016064,0.110442,A supergroup,B supergroup,False,False
og0259,334,321,0.165109,0.006135,0.137072,0.046729,0.161994,A supergroup,B supergroup,False,False
og0260,70,67,0.19403,0.0,0.19403,0.0,0.19403,A supergroup,B supergroup,False,False
og0261,264,261,0.10728,0.007576,0.10728,0.007663,0.103448,A supergroup,B supergroup,False,False
og0262,759,757,0.10568,0.001976,0.100396,0.013193,0.08498,A supergroup,B supergroup,False,False
og0263,90,90,0.066667,0.0,0.055556,0.011111,0.066667,A supergroup,B supergroup,False,False
og0264,362,83,0.204819,0.0,0.168675,0.042135,0.204819,A supergroup,B supergroup,False,False
og0265,120,115,0.052174,0.0,0.034783,0.008696,0.052174,A supergroup,B supergroup,False,False
og0266,350,337,0.172107,0.017341,0.175074,0.002967,0.175074,A supergroup,B supergroup,False,False
og0267,148,128,0.289062,0.007812,0.289062,0.040541,0.243243,A supergroup,B supergroup,False,False
og0268,682,635,0.152756,0.006299,0.152756,0.015528,0.132653,A supergroup,B supergroup,False,False
og0269,498,487,0.123203,0.002012,0.119097,0.00616,0.12115,A supergroup,B supergroup,False,False
og0270,290,290,0.065517,0.010345,0.058621,0.010345,0.075862,A supergroup,B supergroup,False,False
og0271,358,340,0.055882,0.0,0.055882,0.01173,0.052941,A supergroup,B supergroup,False,False
og0272,713,330,0.530303,0.163708,0.465409,0.097143,0.319767,A supergroup,B supergroup,False,False
og0273,328,210,0.109524,0.015038,0.085714,0.024615,0.075188,A supergroup,B supergroup,False,False
og0274,194,117,0.273504,0.111111,0.25641,0.05618,0.140449,A supergroup,B supergroup,False,False
og0275,289,240,0.070833,0.020833,0.070833,0.008333,0.075,A supergroup,B supergroup,False,False
og0276,261,254,0.141732,0.03937,0.125984,0.058824,0.15748,A supergroup,B supergroup,False,False
og0277,173,163,0.177914,0.0,0.171779,0.018405,0.177914,A supergroup,B supergroup,False,False
og0278,347,337,0.139466,0.0,0.130564,0.026471,0.136499,A supergroup,B supergroup,False,False
og0279,154,138,0.376812,0.0,0.369565,0.007092,0.333333,A supergroup,B supergroup,False,False
og0280,430,424,0.162736,0.014151,0.1513,0.014019,0.160377,A supergroup,B supergroup,False,False
og0281,410,386,0.129534,0.004878,0.129534,0.007772,0.104803,A supergroup,B supergroup,False,False
og0282,638,637,0.036107,0.00627,0.031397,0.017268,0.034537,A supergroup,B supergroup,False,False
og0283,195,195,0.010256,0.010256,0.005128,0.005128,0.0,B supergroup,A supergroup,False,False
og0284,102,102,0.019608,0.0,0.019608,0.0,0.0,A supergroup,A supergroup,False,False
og0285,618,613,0.027732,0.024351,0.027778,0.013029,0.011382,A supergroup,A supergroup,False,False
og0286,480,480,0.029167,0.008333,0.020833,0.008333,0.027083,A supergroup,B supergroup,False,False
og0287,465,453,0.01766,0.008811,0.015453,0.02603,0.022075,A supergroup,A supergroup,True,False
og0288,434,240,0.104167,0.051724,0.075,0.039568,0.088608,A supergroup,B supergroup,False,False
og0290,133,130,0.069231,0.053846,0.053846,0.023077,0.038462,B supergroup,B supergroup,False,False
og0291,425,417,0.047962,0.01199,0.040767,0.016787,0.052758,A supergroup,B supergroup,False,False
og0292,172,172,0.098837,0.017442,0.098837,0.005814,0.087209,A supergroup,B supergroup,False,False
og0293,633,633,0.083728,0.028436,0.078989,0.00316,0.080569,A supergroup,B supergroup,False,False
og0294,169,160,0.03125,0.017751,0.029586,0.0,0.0125,A supergroup,B supergroup,False,False
og0295,511,442,0.052036,0.027149,0.033937,0.006787,0.056561,A supergroup,B supergroup,False,False
og0296,339,336,0.089286,0.029586,0.092262,0.032934,0.061404,A supergroup,B supergroup,False,False
og0297,326,302,0.059603,0.003311,0.059603,0.009615,0.062914,A supergroup,B supergroup,False,False
og0298,365,345,0.072464,0.016438,0.066667,0.002899,0.084058,A supergroup,B supergroup,False,False
og0299,260,244,0.114754,0.003846,0.110656,0.004098,0.110656,A supergroup,B supergroup,False,False
og0300,236,233,0.107296,0.004292,0.090129,0.0,0.103004,A supergroup,B supergroup,False,False
og0301,166,163,0.08589,0.0,0.08589,0.02439,0.08589,A supergroup,B supergroup,False,False
og0302,392,387,0.175711,0.023346,0.178295,0.043367,0.140078,A supergroup,B supergroup,False,False
og0303,423,413,0.070218,0.016867,0.070218,0.002421,0.070218,A supergroup,B supergroup,False,False
og0304,479,472,0.080508,0.002119,0.069915,0.012605,0.07839,A supergroup,B supergroup,False,False
og0305,171,156,0.339744,0.300613,0.310811,0.027027,0.423077,A supergroup,B supergroup,False,False
og0306,235,235,0.080851,0.025532,0.076596,0.021277,0.06383,A supergroup,B supergroup,False,False
og0307,260,259,0.081081,0.027027,0.065637,0.026923,0.081081,A supergroup,B supergroup,False,False
og0308,399,313,0.348243,0.097923,0.348243,0.006329,0.354839,A supergroup,B supergroup,False,False
og0309,864,842,0.118765,0.037681,0.111639,0.019002,0.100304,A supergroup,B supergroup,False,False
og0310,603,550,0.190909,0.041441,0.198182,0.023411,0.173828,A supergroup,B supergroup,False,False
og0311,692,638,0.106583,0.022928,0.10815,0.004399,0.098746,A supergroup,B supergroup,False,False
og0312,498,367,0.155313,0.007673,0.153453,0.0,0.127027,A supergroup,B supergroup,False,False
og0313,856,832,0.239183,0.015348,0.232446,0.010856,0.242788,A supergroup,B supergroup,False,False
og0314,266,230,0.130435,0.069565,0.134783,0.007547,0.075472,A supergroup,B supergroup,False,False
og0315,418,416,0.112981,0.002404,0.084135,0.014423,0.112981,A supergroup,B supergroup,False,False
og0316,125,125,0.096,0.0,0.088,0.016,0.096,A supergroup,B supergroup,False,False
og0317,236,232,0.146552,0.0,0.150862,0.030172,0.137931,A supergroup,B supergroup,False,False
og0318,240,240,0.083333,0.029167,0.079167,0.004167,0.1,A supergroup,B supergroup,False,False
og0319,345,345,0.142029,0.0,0.136232,0.005797,0.142029,A supergroup,B supergroup,False,False
og0320,214,91,0.241758,0.0,0.241758,0.0,0.241758,A supergroup,B supergroup,False,False
og0321,248,238,0.184874,0.0,0.176471,0.004202,0.184874,A supergroup,B supergroup,False,False
og0322,357,338,0.198225,0.002959,0.162939,0.031949,0.189349,A supergroup,B supergroup,False,False
og0323,397,390,0.123077,0.002519,0.108312,0.046154,0.117949,A supergroup,B supergroup,False,False
og0324,414,378,0.206349,0.031785,0.19598,0.031332,0.202667,A supergroup,B supergroup,False,False
og0325,425,425,0.098824,0.011765,0.110588,0.056471,0.091765,A supergroup,B supergroup,False,False
og0326,319,298,0.083893,0.003356,0.083893,0.026846,0.067901,A supergroup,B supergroup,False,False
og0327,642,76,0.368421,0.117057,0.244966,0.105263,0.342105,A supergroup,B supergroup,False,False
og0328,488,481,0.106029,0.012295,0.104508,0.024948,0.099792,A supergroup,B supergroup,False,False
og0329,270,256,0.105469,0.003906,0.105469,0.011719,0.109375,A supergroup,B supergroup,False,False
og0330,230,227,0.092511,0.0,0.088106,0.013216,0.092511,A supergroup,B supergroup,False,False
og0331,355,355,0.056338,0.0,0.050704,0.014085,0.035294,A supergroup,B supergroup,False,False
og0332,436,426,0.117371,0.016432,0.115023,0.011574,0.110329,A supergroup,B supergroup,False,False
og0333,196,194,0.21134,0.030612,0.201031,0.041237,0.210526,A supergroup,B supergroup,False,False
og0334,247,228,0.171053,0.004386,0.153509,0.0,0.152709,A supergroup,B supergroup,False,False
og0335,92,92,0.097826,0.0,0.097826,0.0,0.097826,A supergroup,B supergroup,False,False
og0336,226,215,0.116279,0.013953,0.116279,0.0,0.07907,A supergroup,B supergroup,False,False
og0337,217,217,0.087558,0.041475,0.082949,0.004608,0.064516,A supergroup,B supergroup,False,False
og0338,581,527,0.125237,0.013133,0.127135,0.013283,0.103734,A supergroup,B supergroup,False,False
og0339,110,110,0.009091,0.018182,0.018182,0.009091,0.027273,B supergroup,B supergroup,True,False
og0340,297,297,0.107744,0.030303,0.090909,0.037037,0.111111,A supergroup,B supergroup,False,False
og0341,165,165,0.157576,0.012121,0.139394,0.042424,0.157576,A supergroup,B supergroup,False,False
og0342,388,383,0.151436,0.01039,0.140992,0.018277,0.151436,A supergroup,B supergroup,False,False
og0343,194,194,0.113402,0.030928,0.108247,0.005155,0.097938,A supergroup,B supergroup,False,False
og0344,413,407,0.12285,0.01087,0.113022,0.039312,0.054348,A supergroup,B supergroup,False,False
og0345,256,250,0.084,0.009524,0.088,0.023438,0.090476,A supergroup,B supergroup,False,False
og0346,519,519,0.084778,0.013487,0.087475,0.055877,0.086705,A supergroup,B supergroup,False,False
og0347,1115,929,0.10549,0.017708,0.098793,0.024652,0.103104,A supergroup,B supergroup,False,False
og0348,151,143,0.146853,0.0,0.125874,0.027972,0.146853,A supergroup,B supergroup,False,False
og0349,186,183,0.087432,0.010929,0.092896,0.005376,0.071038,A supergroup,B supergroup,False,False
og0350,789,777,0.163449,0.005141,0.157014,0.010296,0.159091,A supergroup,B supergroup,False,False
og0351,374,369,0.132791,0.002688,0.130081,0.002695,0.130081,A supergroup,B supergroup,False,False
og0352,92,88,0.136364,0.0,0.113636,0.011364,0.136364,A supergroup,B supergroup,False,False
og0353,108,105,0.171429,0.0,0.171429,0.009524,0.171429,A supergroup,B supergroup,False,False
og0354,550,550,0.209091,0.007273,0.201818,0.010909,0.207273,A supergroup,B supergroup,False,False
og0355,1046,728,0.123626,0.028846,0.112637,0.006692,0.128107,A supergroup,B supergroup,False,False
og0356,874,860,0.098837,0.023229,0.088372,0.025404,0.102326,A supergroup,B supergroup,False,False
og0357,167,167,0.137725,0.0,0.11976,0.005988,0.137725,A supergroup,B supergroup,False,False
og0358,221,191,0.162304,0.015707,0.151832,0.009132,0.152778,A supergroup,B supergroup,False,False
og0359,273,136,0.080882,0.044118,0.066176,0.004274,0.090909,A supergroup,B supergroup,False,False
og0360,204,199,0.165829,0.00495,0.150754,0.0,0.155779,A supergroup,B supergroup,False,False
og0361,809,790,0.097468,0.006289,0.093671,0.008861,0.087356,A supergroup,B supergroup,False,False
og0362,429,366,0.147541,0.018987,0.139344,0.011737,0.126582,A supergroup,B supergroup,False,False
og0363,228,203,0.17734,0.033981,0.17734,0.009569,0.147783,A supergroup,B supergroup,False,False
og0364,197,177,0.338983,0.127168,0.323864,0.005405,0.246914,A supergroup,B supergroup,False,False
og0365,709,683,0.09224,0.007102,0.080229,0.027616,0.09224,A supergroup,B supergroup,False,False
og0366,145,142,0.232394,0.0,0.239437,0.021127,0.1875,A supergroup,B supergroup,False,False
og0367,196,195,0.148718,0.005102,0.14359,0.020513,0.138462,A supergroup,B supergroup,False,False
og0368,198,198,0.191919,0.0,0.181818,0.025381,0.186869,A supergroup,B supergroup,False,False
og0369,347,347,0.121037,0.012987,0.121037,0.0,0.077922,A supergroup,B supergroup,False,False
og0370,431,410,0.209756,0.004651,0.204878,0.034063,0.190244,A supergroup,B supergroup,False,False
og0371,165,133,0.157895,0.022059,0.157895,0.02649,0.172932,A supergroup,B supergroup,False,False
og0372,129,129,0.100775,0.03876,0.093023,0.007752,0.077519,A supergroup,B supergroup,False,False
og0373,274,136,0.198529,0.051643,0.173387,0.014706,0.205882,A supergroup,B supergroup,False,False
og0374,235,235,0.140426,0.004255,0.131915,0.021277,0.13617,A supergroup,B supergroup,False,False
og0375,103,100,0.28,0.0,0.27,0.07,0.28,A supergroup,B supergroup,False,False
og0376,152,145,0.117241,0.006623,0.124138,0.006897,0.124138,A supergroup,B supergroup,False,False
og0377,152,152,0.046053,0.0,0.046053,0.019737,0.046053,A supergroup,B supergroup,False,False
og0378,418,407,0.120393,0.0,0.108108,0.064904,0.117936,A supergroup,B supergroup,False,False
og0379,191,173,0.17341,0.0,0.146199,0.011696,0.16763,A supergroup,B supergroup,False,False
og0380,217,187,0.139037,0.010695,0.128342,0.016043,0.139037,A supergroup,B supergroup,False,False
og0381,100,100,0.12,0.01,0.11,0.0,0.11,A supergroup,B supergroup,False,False
og0382,89,89,0.089888,0.0,0.101124,0.011236,0.089888,A supergroup,B supergroup,False,False
og0383,390,99,0.151515,0.020513,0.117994,0.020202,0.141414,A supergroup,B supergroup,False,False
og0384,283,275,0.076364,0.0,0.087273,0.018182,0.076364,A supergroup,B supergroup,False,False
og0385,165,162,0.166667,0.0,0.123457,0.074074,0.148148,A supergroup,B supergroup,False,False
og0386,476,473,0.084567,0.033827,0.086681,0.027484,0.086681,A supergroup,B supergroup,False,False
og0387,467,454,0.123348,0.013129,0.11674,0.002155,0.115274,A supergroup,B supergroup,False,False
og0388,260,245,0.110204,0.007782,0.106122,0.0,0.106122,A supergroup,B supergroup,False,False
og0389,616,605,0.145455,0.004959,0.142149,0.01157,0.142149,A supergroup,B supergroup,False,False
og0390,705,699,0.145923,0.026163,0.143875,0.007153,0.145923,A supergroup,B supergroup,False,False
og0391,279,279,0.111111,0.014337,0.09319,0.007168,0.100437,A supergroup,B supergroup,False,False
og0392,252,243,0.193416,0.012346,0.193416,0.007937,0.198413,A supergroup,B supergroup,False,False
og0393,332,331,0.145015,0.021148,0.132931,0.0,0.138973,A supergroup,B supergroup,False,False
og0394,341,341,0.082111,0.005865,0.064516,0.002933,0.073314,A supergroup,B supergroup,False,False
og0395,689,689,0.088534,0.011611,0.085631,0.01016,0.085631,A supergroup,B supergroup,False,False
og0396,70,70,0.014286,0.0,0.0,0.014286,0.014286,B supergroup,A supergroup,False,False
og0397,276,257,0.108949,0.018519,0.105058,0.003891,0.094488,A supergroup,B supergroup,False,False
og0398,179,179,0.134078,0.01676,0.122905,0.0,0.117318,A supergroup,B supergroup,False,False
og0399,412,412,0.11165,0.01699,0.089806,0.012136,0.104369,A supergroup,B supergroup,False,False
og0400,263,260,0.073077,0.007605,0.064639,0.011538,0.080769,A supergroup,B supergroup,False,False
og0401,336,293,0.109215,0.010239,0.098976,0.013605,0.098976,A supergroup,B supergroup,False,False
og0402,99,99,0.151515,0.010101,0.161616,0.010101,0.161616,A supergroup,B supergroup,False,False
og0403,204,203,0.118227,0.0,0.108374,0.009852,0.118227,A supergroup,B supergroup,False,False
og0404,187,182,0.115385,0.027473,0.087912,0.038043,0.120879,A supergroup,B supergroup,False,False
og0405,225,187,0.26738,0.020101,0.247253,0.13,0.256684,A supergroup,B supergroup,False,False
og0406,871,813,0.124231,0.067402,0.107011,0.039072,0.118081,A supergroup,B supergroup,False,False
og0407,217,193,0.176166,0.0,0.176166,0.0,0.15544,A supergroup,B supergroup,False,False
og0408,111,105,0.104762,0.0,0.095238,0.009259,0.104762,A supergroup,B supergroup,False,False
og0409,102,97,0.175258,0.0,0.153061,0.040816,0.175258,A supergroup,B supergroup,False,False
og0410,400,393,0.188295,0.002532,0.188295,0.062814,0.188295,A supergroup,B supergroup,False,False
og0411,512,485,0.127835,0.002,0.112936,0.016495,0.127835,A supergroup,B supergroup,False,False
og0412,235,210,0.195238,0.004762,0.195238,0.00939,0.192488,A supergroup,B supergroup,False,False
og0413,371,299,0.404682,0.147059,0.348739,0.205882,0.391089,A supergroup,B supergroup,False,False
og0414,375,372,0.096774,0.005376,0.094086,0.008065,0.096774,A supergroup,B supergroup,False,False
og0415,555,555,0.072072,0.0,0.052252,0.030631,0.072072,A supergroup,B supergroup,False,False
og0416,443,418,0.093301,0.002381,0.095694,0.004556,0.093301,A supergroup,B supergroup,False,False
og0417,117,117,0.111111,0.008547,0.094017,0.008547,0.102564,A supergroup,B supergroup,False,False
og0418,308,306,0.20915,0.016234,0.205882,0.035948,0.212418,A supergroup,B supergroup,False,False
og0419,307,284,0.197183,0.0,0.201413,0.017361,0.197183,A supergroup,B supergroup,False,False
og0420,423,423,0.132388,0.007092,0.125296,0.01182,0.12766,A supergroup,B supergroup,False,False
og0421,332,316,0.072785,0.0,0.06962,0.009494,0.072785,A supergroup,B supergroup,False,False
og0422,2843,2837,0.095523,0.002115,0.092384,0.012328,0.093761,A supergroup,B supergroup,False,False
og0423,137,133,0.090226,0.015038,0.082707,0.007519,0.075188,A supergroup,B supergroup,False,False
og0424,172,172,0.093023,0.034884,0.093023,0.0,0.093023,A supergroup,B supergroup,False,False
og0425,217,217,0.078341,0.041475,0.069124,0.013825,0.087558,A supergroup,B supergroup,False,False
og0426,146,146,0.041096,0.013699,0.041096,0.0,0.054795,A supergroup,B supergroup,False,False
og0427,278,278,0.151079,0.007194,0.151079,0.0,0.154676,A supergroup,B supergroup,False,False
og0428,691,691,0.05644,0.002894,0.050651,0.008683,0.053546,A supergroup,B supergroup,False,False
og0429,159,158,0.094937,0.0,0.094937,0.0,0.094937,A supergroup,B supergroup,False,False
og0430,124,124,0.056452,0.0,0.040323,0.016129,0.048387,A supergroup,B supergroup,False,False
og0431,329,279,0.125448,0.0,0.114695,0.010601,0.125448,A supergroup,B supergroup,False,False
og0433,686,636,0.083333,0.002203,0.094082,0.006231,0.048458,A supergroup,B supergroup,False,False
og0434,335,330,0.045455,0.006061,0.042424,0.006061,0.045455,A supergroup,B supergroup,False,False
og0435,511,498,0.138554,0.022088,0.138554,0.0,0.148594,A supergroup,B supergroup,False,False
og0436,268,263,0.098859,0.015038,0.098859,0.0,0.091255,A supergroup,B supergroup,False,False
og0437,227,226,0.137168,0.004425,0.132743,0.004425,0.132743,A supergroup,B supergroup,False,False
og0438,367,360,0.155556,0.013889,0.15,0.00554,0.127778,A supergroup,B supergroup,False,False
og0439,424,411,0.148418,0.004717,0.138686,0.017032,0.148418,A supergroup,B supergroup,False,False
og0440,460,460,0.056522,0.0,0.056522,0.0,0.056522,A supergroup,B supergroup,False,False
og0441,245,245,0.142857,0.008163,0.114286,0.020408,0.122449,A supergroup,B supergroup,False,False
og0442,258,202,0.128713,0.00813,0.166667,0.019417,0.128713,A supergroup,B supergroup,False,False
og0443,1027,481,0.130977,0.013672,0.101562,0.014553,0.12474,A supergroup,B supergroup,False,False
og0444,523,517,0.102515,0.003846,0.092843,0.009671,0.102515,A supergroup,B supergroup,False,False
og0445,781,773,0.121604,0.015504,0.12031,0.01423,0.12031,A supergroup,B supergroup,False,False
og0446,132,116,0.112069,0.015152,0.112069,0.008621,0.094828,A supergroup,B supergroup,False,False
og0447,295,285,0.073684,0.007519,0.065217,0.01049,0.06015,A supergroup,B supergroup,False,False
og0448,200,130,0.130769,0.005051,0.137056,0.007692,0.130769,A supergroup,B supergroup,False,False
og0449,648,418,0.220096,0.013661,0.188679,0.217247,0.181208,A supergroup,A supergroup,False,False
og0450,167,163,0.165644,0.006135,0.153374,0.012048,0.159509,A supergroup,B supergroup,False,False
og0451,143,127,0.267717,0.0,0.23622,0.0,0.267717,A supergroup,B supergroup,False,False
og0452,81,69,0.144928,0.0,0.121212,0.0,0.144928,A supergroup,B supergroup,False,False
og0453,95,90,0.233333,0.0,0.211111,0.0,0.233333,A supergroup,B supergroup,False,False
og0454,175,174,0.114943,0.0,0.097701,0.017241,0.114943,A supergroup,B supergroup,False,False
og0455,139,139,0.165468,0.0,0.165468,0.0,0.165468,A supergroup,B supergroup,False,False
og0456,108,100,0.22,0.0,0.19,0.0,0.22,A supergroup,B supergroup,False,False
og0457,668,628,0.138535,0.00156,0.136943,0.003165,0.139241,A supergroup,B supergroup,False,False
og0459,1170,584,0.042808,0.010606,0.02911,0.027052,0.034515,A supergroup,B supergroup,False,False
og0460,257,248,0.157258,0.007968,0.145161,0.015748,0.153226,A supergroup,B supergroup,False,False
og0461,274,271,0.070111,0.00738,0.066421,0.00369,0.062731,A supergroup,B supergroup,False,False
og0462,137,101,0.148515,0.04717,0.148515,0.008547,0.174757,A supergroup,B supergroup,False,False
og0463,365,147,0.183673,0.047619,0.142857,0.016713,0.145205,A supergroup,B supergroup,False,False
og0464,159,53,0.207547,0.150943,0.207547,0.012903,0.083871,A supergroup,B supergroup,False,False
og0465,475,175,0.205714,0.034286,0.194286,0.012632,0.17161,A supergroup,B supergroup,False,False
og0466,397,389,0.097686,0.023018,0.102828,0.025707,0.084833,A supergroup,B supergroup,False,False
og0467,174,165,0.157576,0.035714,0.145455,0.03012,0.151515,A supergroup,B supergroup,False,False
og0468,188,188,0.079787,0.0,0.074468,0.005319,0.079787,A supergroup,B supergroup,False,False
og0469,232,230,0.2,0.017316,0.2,0.008696,0.186957,A supergroup,B supergroup,False,False
og0470,408,398,0.080402,0.015,0.065327,0.00495,0.080402,A supergroup,B supergroup,False,False
og0471,634,631,0.091918,0.011094,0.088748,0.006309,0.080824,A supergroup,B supergroup,False,False
og0472,309,308,0.13961,0.027933,0.136364,0.003247,0.089385,A supergroup,B supergroup,False,False
og0473,269,232,0.112069,0.0,0.081897,0.008065,0.112069,A supergroup,B supergroup,False,False
og0474,195,120,0.191667,0.010929,0.098361,0.1,0.153846,A supergroup,B supergroup,False,False
og0475,209,202,0.108911,0.00495,0.07767,0.009901,0.113861,A supergroup,B supergroup,False,False
og0476,416,375,0.2,0.007143,0.189333,0.008,0.19708,A supergroup,B supergroup,False,False
og0477,392,367,0.046322,0.010899,0.049046,0.002717,0.046196,A supergroup,B supergroup,False,False
og0478,358,355,0.04507,0.013966,0.04507,0.0,0.04507,A supergroup,B supergroup,False,False
og0479,477,470,0.210638,0.023256,0.202128,0.004237,0.195745,A supergroup,B supergroup,False,False
og0480,159,159,0.044025,0.0,0.044025,0.0,0.044025,A supergroup,B supergroup,False,False
og0481,431,430,0.106977,0.011601,0.095349,0.037209,0.104651,A supergroup,B supergroup,False,False
og0482,613,609,0.08046,0.0,0.08046,0.006568,0.08046,A supergroup,B supergroup,False,False
og0483,221,196,0.137755,0.0,0.137755,0.029268,0.137755,A supergroup,B supergroup,False,False
og0484,190,190,0.136842,0.005263,0.126316,0.010526,0.142105,A supergroup,B supergroup,False,False
og0485,572,572,0.076923,0.001748,0.068182,0.006993,0.075175,A supergroup,B supergroup,False,False
og0486,168,157,0.299363,0.018634,0.299363,0.012739,0.270492,A supergroup,B supergroup,False,False
og0487,213,212,0.099057,0.005814,0.113208,0.028169,0.093023,A supergroup,B supergroup,False,False
og0488,176,165,0.139394,0.006024,0.133758,0.022857,0.145455,A supergroup,B supergroup,False,False
og0489,248,234,0.136752,0.0,0.12069,0.017167,0.12931,A supergroup,B supergroup,False,False
og0490,360,355,0.140845,0.028169,0.138028,0.014085,0.136364,A supergroup,B supergroup,False,False
og0491,304,296,0.094595,0.020067,0.07047,0.010135,0.087838,A supergroup,B supergroup,False,False
og0492,768,759,0.142292,0.019531,0.142292,0.006588,0.13834,A supergroup,B supergroup,False,False
og0493,408,408,0.093137,0.007353,0.085784,0.031863,0.088235,A supergroup,B supergroup,False,False
og0494,95,83,0.120482,0.0,0.13253,0.012048,0.120482,A supergroup,B supergroup,False,False
og0495,444,444,0.157658,0.0,0.146396,0.015766,0.157658,A supergroup,B supergroup,False,False
og0496,290,290,0.155172,0.0,0.155172,0.003448,0.135889,A supergroup,B supergroup,False,False
og0497,408,406,0.189655,0.002463,0.191223,0.009852,0.189655,A supergroup,B supergroup,False,False
og0498,244,243,0.238683,0.00823,0.209877,0.00823,0.238683,A supergroup,B supergroup,False,False
og0499,409,409,0.146699,0.0,0.151589,0.01956,0.146699,A supergroup,B supergroup,False,False
og0500,434,429,0.219114,0.004662,0.216783,0.013857,0.212121,A supergroup,B supergroup,False,False
og0501,446,392,0.390306,0.041262,0.388693,0.080292,0.380102,A supergroup,B supergroup,False,False
og0502,128,102,0.205882,0.008,0.16,0.009804,0.186275,A supergroup,B supergroup,False,False
og0503,205,182,0.104396,0.010989,0.087912,0.016393,0.098039,A supergroup,B supergroup,False,False
og0504,291,280,0.146429,0.0,0.135714,0.006944,0.146429,A supergroup,B supergroup,False,False
og0505,280,280,0.064286,0.0,0.064286,0.0,0.064286,A supergroup,B supergroup,False,False
og0506,829,824,0.114078,0.008464,0.115291,0.007264,0.093333,A supergroup,B supergroup,False,False
og0507,274,274,0.120438,0.010949,0.116788,0.00365,0.104046,A supergroup,B supergroup,False,False
og0508,232,228,0.144737,0.030702,0.140351,0.0,0.149123,A supergroup,B supergroup,False,False
og0509,66,66,0.075758,0.015152,0.075758,0.0,0.060606,A supergroup,B supergroup,False,False
og0510,386,383,0.117493,0.013055,0.088773,0.020725,0.10705,A supergroup,B supergroup,False,False
og0511,295,291,0.054983,0.003436,0.027491,0.006826,0.051546,A supergroup,B supergroup,False,False
og0512,264,263,0.174905,0.0,0.1673,0.007576,0.174905,A supergroup,B supergroup,False,False
og0513,196,184,0.130435,0.0,0.061538,0.038043,0.130435,A supergroup,B supergroup,False,False
og0514,178,151,0.086093,0.005714,0.074286,0.0,0.07947,A supergroup,B supergroup,False,False
og0515,291,288,0.159722,0.013746,0.142361,0.03125,0.159722,A supergroup,B supergroup,False,False
og0516,906,902,0.05765,0.005556,0.041111,0.033333,0.054444,A supergroup,B supergroup,False,False
og0517,200,199,0.135678,0.01005,0.135678,0.0,0.135678,A supergroup,B supergroup,False,False
og0518,903,667,0.155922,0.009044,0.149847,0.0427,0.154423,A supergroup,B supergroup,False,False
og0519,710,321,0.426791,0.003367,0.369458,0.029557,0.420561,A supergroup,B supergroup,False,False
og0520,289,280,0.082143,0.003521,0.082143,0.021429,0.078571,A supergroup,B supergroup,False,False
og0521,428,425,0.178824,0.0,0.178824,0.032941,0.176471,A supergroup,B supergroup,False,False
og0522,424,423,0.099291,0.021277,0.096927,0.004728,0.096927,A supergroup,B supergroup,False,False
og0523,88,85,0.094118,0.0,0.082353,0.0,0.094118,A supergroup,B supergroup,False,False
og0524,344,260,0.134615,0.011407,0.134615,0.011538,0.134615,A supergroup,B supergroup,False,False
og0525,319,292,0.174658,0.00639,0.164384,0.010239,0.164384,A supergroup,B supergroup,False,False
og0526,497,483,0.10559,0.0,0.099379,0.014493,0.10352,A supergroup,B supergroup,False,False
og0527,184,176,0.056818,0.0,0.051136,0.0,0.045455,A supergroup,B supergroup,False,False
og0528,387,384,0.109375,0.005181,0.109375,0.013021,0.106771,A supergroup,B supergroup,False,False
og0529,460,458,0.10917,0.019565,0.106987,0.002183,0.091703,A supergroup,B supergroup,False,False
og0530,102,96,0.333333,0.0,0.3125,0.010417,0.322917,A supergroup,B supergroup,False,False
og0531,1588,1553,0.141017,0.021605,0.135866,0.045718,0.115741,A supergroup,B supergroup,False,False
og0532,853,853,0.072685,0.005639,0.069168,0.011723,0.056391,A supergroup,B supergroup,False,False
og0533,609,609,0.027915,0.004926,0.027915,0.003284,0.026273,A supergroup,B supergroup,False,False
og0534,203,196,0.107143,0.010101,0.096939,0.010204,0.102041,A supergroup,B supergroup,False,False
og0535,394,394,0.096447,0.027919,0.083756,0.01269,0.101523,A supergroup,B supergroup,False,False
og0536,444,439,0.052392,0.004535,0.047836,0.018223,0.05467,A supergroup,B supergroup,False,False
og0537,725,558,0.096774,0.038462,0.078947,0.033113,0.064784,A supergroup,B supergroup,False,False
og0538,293,291,0.199313,0.006873,0.189003,0.003436,0.195876,A supergroup,B supergroup,False,False
og0539,194,95,0.052632,0.011976,0.071856,0.010526,0.063158,A supergroup,B supergroup,False,False
og0540,574,569,0.082601,0.021201,0.080844,0.008787,0.073814,A supergroup,B supergroup,False,False
og0541,142,142,0.15493,0.021127,0.126761,0.0,0.161972,A supergroup,B supergroup,False,False
og0542,160,160,0.1125,0.00625,0.10625,0.03125,0.073171,A supergroup,B supergroup,False,False
og0543,156,153,0.104575,0.019608,0.091503,0.026144,0.117647,A supergroup,B supergroup,False,False
og0544,313,312,0.198718,0.015974,0.201923,0.003205,0.195513,A supergroup,B supergroup,False,False
og0545,197,197,0.116751,0.005076,0.116751,0.0,0.121827,A supergroup,B supergroup,False,False
og0546,363,359,0.050139,0.002786,0.047354,0.002755,0.052925,A supergroup,B supergroup,False,False
og0547,309,309,0.058252,0.009709,0.058252,0.0,0.055016,A supergroup,B supergroup,False,False
og0548,114,91,0.241758,0.008772,0.221239,0.131868,0.252747,A supergroup,B supergroup,False,False
og0549,488,478,0.069038,0.004141,0.054737,0.004158,0.062762,A supergroup,B supergroup,False,False
og0550,366,362,0.127072,0.002732,0.127072,0.005525,0.129834,A supergroup,B supergroup,False,False
og0552,358,350,0.162857,0.002793,0.154494,0.017143,0.16,A supergroup,B supergroup,False,False
og0553,594,239,0.050209,0.046025,0.075314,0.020202,0.031987,A supergroup,B supergroup,False,False
og0554,520,520,0.092308,0.009615,0.092308,0.007692,0.092308,A supergroup,B supergroup,False,False
og0555,241,172,0.215116,0.05814,0.186047,0.017391,0.181416,A supergroup,B supergroup,False,False
og0556,858,836,0.028708,0.009569,0.022727,0.013158,0.027512,A supergroup,B supergroup,False,False
og0557,421,392,0.15051,0.004854,0.147959,0.010152,0.140306,A supergroup,B supergroup,False,False
og0558,199,192,0.239583,0.0,0.197917,0.036458,0.198113,A supergroup,B supergroup,False,False
og0559,476,467,0.089936,0.018987,0.083512,0.03212,0.092369,A supergroup,B supergroup,False,False
og0560,390,386,0.217617,0.012766,0.181347,0.012953,0.212121,A supergroup,B supergroup,False,False
og0561,270,258,0.093023,0.02682,0.089147,0.003876,0.081395,A supergroup,B supergroup,False,False
og0562,505,501,0.139721,0.007968,0.129741,0.025794,0.135729,A supergroup,B supergroup,False,False
og0563,498,492,0.075203,0.002012,0.060606,0.004065,0.073171,A supergroup,B supergroup,False,False
og0564,288,211,0.165877,0.023041,0.161137,0.011364,0.151515,A supergroup,B supergroup,False,False
og0565,234,226,0.10177,0.00431,0.089686,0.017699,0.105023,A supergroup,B supergroup,False,False
og0566,362,361,0.094183,0.016575,0.088643,0.0,0.091413,A supergroup,B supergroup,False,False
og0567,125,124,0.072581,0.024194,0.048387,0.032,0.064516,A supergroup,B supergroup,False,False
og0568,353,315,0.107937,0.028571,0.097792,0.0,0.107937,A supergroup,B supergroup,False,False
og0569,252,240,0.229167,0.007937,0.208333,0.004167,0.225,A supergroup,B supergroup,False,False
og0570,387,368,0.108696,0.0,0.116848,0.013587,0.100543,A supergroup,B supergroup,False,False
og0571,470,441,0.115646,0.002268,0.111111,0.020408,0.104308,A supergroup,B supergroup,False,False
og0572,178,158,0.14557,0.00578,0.14557,0.0,0.133929,A supergroup,B supergroup,False,False
og0573,180,175,0.137143,0.0,0.137143,0.0,0.137143,A supergroup,B supergroup,False,False
og0574,326,326,0.125767,0.0,0.128834,0.003067,0.125767,A supergroup,B supergroup,False,False
og0575,203,129,0.131783,0.03876,0.124031,0.0,0.087838,A supergroup,B supergroup,False,False
og0576,262,260,0.096154,0.003846,0.096154,0.0,0.088123,A supergroup,B supergroup,False,False
og0577,151,151,0.145695,0.0,0.112583,0.006623,0.145695,A supergroup,B supergroup,False,False
og0578,104,101,0.19802,0.0,0.188119,0.0,0.19802,A supergroup,B supergroup,False,False
og0579,490,482,0.141079,0.016393,0.143154,0.012448,0.105882,A supergroup,B supergroup,False,False
og0580,383,367,0.144414,0.021798,0.144414,0.010899,0.13624,A supergroup,B supergroup,False,False
og0581,461,461,0.05423,0.0,0.047722,0.017354,0.045553,A supergroup,B supergroup,False,False
og0582,329,326,0.067485,0.006135,0.064417,0.00304,0.061728,A supergroup,B supergroup,False,False
og0583,199,190,0.142105,0.042105,0.131579,0.010526,0.122995,A supergroup,B supergroup,False,False
og0584,420,416,0.168269,0.0,0.161058,0.007143,0.159269,A supergroup,B supergroup,False,False
og0585,108,105,0.161905,0.009524,0.161905,0.0,0.152381,A supergroup,B supergroup,False,False
og0586,162,162,0.197531,0.0,0.203704,0.006173,0.197531,A supergroup,B supergroup,False,False
og0587,262,229,0.131004,0.0,0.137255,0.004367,0.126638,A supergroup,B supergroup,False,False
og0588,316,314,0.111465,0.0,0.101911,0.0,0.111465,A supergroup,B supergroup,False,False
og0589,191,190,0.126316,0.0,0.115789,0.026178,0.126316,A supergroup,B supergroup,False,False
og0590,168,167,0.095808,0.011905,0.08982,0.0,0.083832,A supergroup,B supergroup,False,False
og0591,117,117,0.076923,0.0,0.08547,0.025641,0.076923,A supergroup,B supergroup,False,False
og0592,122,122,0.204918,0.008197,0.204918,0.0,0.188525,A supergroup,B supergroup,False,False
og0593,333,234,0.418803,0.12549,0.349315,0.020492,0.367965,A supergroup,B supergroup,False,False
og0594,509,458,0.235808,0.008523,0.227074,0.002183,0.242358,A supergroup,B supergroup,False,False
og0595,320,316,0.158228,0.006329,0.151899,0.009494,0.151899,A supergroup,B supergroup,False,False
og0596,816,816,0.082108,0.011029,0.07598,0.004902,0.080882,A supergroup,B supergroup,False,False
og0597,281,268,0.13806,0.037313,0.123134,0.02847,0.126866,A supergroup,B supergroup,False,False
og0598,532,532,0.078947,0.013158,0.078947,0.003759,0.073308,A supergroup,B supergroup,False,False
og0599,134,134,0.104478,0.037594,0.104478,0.0,0.112782,A supergroup,B supergroup,False,False
og0600,359,354,0.127119,0.014124,0.124294,0.005587,0.129944,A supergroup,B supergroup,False,False
og0601,444,395,0.164557,0.0,0.156962,0.0,0.159494,A supergroup,B supergroup,False,False
og0602,357,354,0.175141,0.011299,0.167139,0.022472,0.168168,A supergroup,B supergroup,False,False
og0603,211,211,0.099526,0.0,0.085308,0.0,0.099526,A supergroup,B supergroup,False,False
og0604,56,56,0.25,0.0,0.25,0.0,0.232143,A supergroup,B supergroup,False,False
og0605,328,328,0.137195,0.003049,0.128049,0.015244,0.134146,A supergroup,B supergroup,False,False
og0606,243,241,0.045643,0.0,0.049793,0.020576,0.025641,A supergroup,B supergroup,False,False
og0607,89,89,0.022472,0.0,0.044944,0.033708,0.011236,A supergroup,A supergroup,True,False
og0608,416,413,0.084746,0.0,0.075061,0.009685,0.066038,A supergroup,B supergroup,False,False
og0609,508,508,0.064961,0.001969,0.067327,0.021654,0.062992,A supergroup,B supergroup,False,False
og0610,349,271,0.154982,0.005128,0.154982,0.00369,0.125461,A supergroup,B supergroup,False,False
og0611,216,197,0.162437,0.046296,0.15736,0.0,0.121827,A supergroup,B supergroup,False,False
og0612,758,154,0.227273,0.013333,0.095672,0.031847,0.220779,A supergroup,B supergroup,False,False
og0613,399,395,0.164557,0.012563,0.149367,0.073232,0.165854,A supergroup,B supergroup,False,False
og0614,173,157,0.140127,0.00578,0.132948,0.031847,0.140127,A supergroup,B supergroup,False,False
og0615,346,331,0.081571,0.011696,0.075529,0.006042,0.081571,A supergroup,B supergroup,False,False
og0616,128,121,0.181818,0.0,0.181818,0.0,0.181818,A supergroup,B supergroup,False,False
og0617,784,784,0.119898,0.001629,0.121173,0.002053,0.118622,A supergroup,B supergroup,False,False
og0618,1049,894,0.372483,0.183064,0.394589,0.148515,0.353914,A supergroup,B supergroup,False,False
og0619,169,145,0.275862,0.068966,0.268966,0.012195,0.254658,A supergroup,B supergroup,False,False
og0620,458,417,0.184652,0.031674,0.168966,0.009524,0.180952,A supergroup,B supergroup,False,False
og0621,139,139,0.079137,0.007194,0.079137,0.043165,0.071942,A supergroup,B supergroup,False,False
og0622,285,250,0.304,0.0,0.279245,0.071146,0.284,A supergroup,B supergroup,False,False
og0623,345,312,0.147436,0.0,0.144231,0.012618,0.144231,A supergroup,B supergroup,False,False
og0624,303,254,0.444882,0.0,0.422481,0.053004,0.444882,A supergroup,B supergroup,False,False
og0625,681,576,0.164931,0.025773,0.158895,0.040816,0.159722,A supergroup,B supergroup,False,False
og0626,152,152,0.177632,0.046053,0.177632,0.006579,0.177632,A supergroup,B supergroup,False,False
og0627,137,128,0.125,0.029197,0.125,0.0,0.140625,A supergroup,B supergroup,False,False
og0628,130,127,0.047244,0.0,0.03937,0.0,0.047244,A supergroup,B supergroup,False,False
og0629,355,303,0.09571,0.019802,0.072607,0.009901,0.089109,A supergroup,B supergroup,False,False
