sample,reads_A,reads_B,breadth_A,breadth_B,depth_A,depth_B,nonN_A,nonN_B
AQ_R_12,13.0,6.0,1.0,0.7047,2.77,2.09,402.0,237.0
AQ_R_13,0.0,0.0,0.0,0.0,0.0,0.0,0.0,0.0
AQ_R_2,0.0,0.0,0.0,0.0,0.0,0.0,0.0,0.0
AQ_R_6,0.0,5.0,0.0,0.5181,0.0,1.84,0.0,170.0
AQ_R_8,38.0,8.0,1.0,0.9928,8.44,2.02,576.0,311.0
AQ_R_9,29.0,5.0,1.0,0.7627,7.08,1.48,561.0,147.0
AQ_W_1,0.0,0.0,0.0,0.0,0.0,0.0,0.0,0.0
CD_R_10,11.0,9.0,0.8889,0.7717,3.19,2.69,425.0,277.0
CD_R_2,2.0,6.0,0.3872,0.9656,1.35,1.62,77.0,244.0
CD_R_3,8.0,8.0,0.7812,0.8297,1.9,2.18,334.0,274.0
CD_R_5,3.0,13.0,0.3316,0.9221,1.48,2.51,83.0,282.0
CD_R_6,6.0,2.0,0.934,0.4674,1.52,1.16,152.0,42.0
CD_R_8,24.0,4.0,1.0,0.6467,5.8,1.22,576.0,79.0
CD_W_1,23.0,4.0,0.9983,0.8333,4.38,1.23,510.0,106.0
HC_W_9,4.0,0.0,0.2066,0.0,3.61,0.0,119.0,0.0
HH_R_7,4.0,0.0,0.6302,0.0,1.42,0.0,151.0,0.0
HR_R_2,8.0,4.0,0.5382,0.5199,3.15,1.62,221.0,156.0
HR_R_6,12.0,6.0,0.7205,0.5833,4.13,1.98,372.0,278.0
HR_R_9,4.0,3.0,0.5938,0.4221,1.75,1.36,152.0,83.0
HR_W_10,0.0,2.0,0.0,0.3714,0.0,1.46,0.0,95.0
HR_W_4,0.0,2.0,0.0,0.5435,0.0,1.0,0.0,0.0
HZ_R_10,0.0,0.0,0.0,0.0,0.0,0.0,0.0,0.0
HZ_R_4,0.0,0.0,0.0,0.0,0.0,0.0,0.0,0.0
HZ_R_5,8.0,0.0,0.849,0.0,2.0,0.0,310.0,0.0
NC2025_R_1,15.0,12.0,0.967,0.9384,2.96,3.26,392.0,518.0
NC2025_R_6,90.0,22.0,1.0,1.0,19.8,5.07,576.0,532.0
NL_R_4,0.0,2.0,0.0,0.3261,0.0,1.11,0.0,19.0
NL_R_5,9.0,8.0,0.9514,0.8804,1.84,1.9,303.0,319.0
NL_R_9,0.0,4.0,0.0,0.5344,0.0,1.84,0.0,247.0
NL_W_14,0.0,0.0,0.0,0.0,0.0,0.0,0.0,0.0
PYH_R_10,1.0,0.0,0.2622,0.0,1.0,0.0,0.0,0.0
