copy,nearest_ref,d_nn,d_min_sgA,d_min_sgB,d_min_Cotesia,closer_to,best_ref,pident
AQ_R_12_copy1,wRi_sgA_FLY,0.1771,0.1771,0.247,0.247,A,wRi_sgA_FLY,86.426
NC2025_R_6_copy2,wRi_sgA_FLY,0.1771,0.1771,0.247,0.247,A,wRi_sgA_FLY,86.426
AQ_R_9_copy1,wRi_sgA_FLY,0.1771,0.1771,0.247,0.247,A,wRi_sgA_FLY,86.426
CD_R_8_copy1,wRi_sgA_FLY,0.1771,0.1771,0.247,0.247,A,wRi_sgA_FLY,86.426
AQ_R_8_copy1,wRi_sgA_FLY,0.1771,0.1771,0.247,0.247,A,wRi_sgA_FLY,86.426
CD_R_10_copy1,wVitB_sgB_PARASITOID,0.1135,0.176,0.1135,0.1135,B,wEel_sg?_LEPIDOPTERA,89.184
CD_W_1_copy1,wVitB_sgB_PARASITOID,0.1135,0.176,0.1135,0.1135,B,wEel_sg?_LEPIDOPTERA,88.909
NC2025_R_1_copy1,wVitB_sgB_PARASITOID,0.1101,0.1794,0.1101,0.1101,B,wEel_sg?_LEPIDOPTERA,88.868
NL_R_5_copy1,wVitB_sgB_PARASITOID,0.1146,0.184,0.1146,0.1146,B,wCgl_PQ472555.1_PARASITOID_Cotesia,92.568
NC2025_R_6_copy1,wVitB_sgB_PARASITOID,0.0074,0.2821,0.0074,0.0074,B,wEel_sg?_LEPIDOPTERA,99.275
