tip,allele,nearest_ref,d_nn,d_sgA,d_sgB,d_Cotesia
AQ_R_12_A_wsp,A,wRi_sgA_FLY,0.1811,0.1811,0.38,0.4028
HZ_R_5_A_wsp,A,wRi_sgA_FLY,0.1844,0.1844,0.3834,0.4062
NC2025_R_1_A_wsp,A,wRi_sgA_FLY,0.1811,0.1811,0.38,0.4028
NL_R_5_A_wsp,A,wRi_sgA_FLY,0.1811,0.1811,0.38,0.4028
CD_W_1_A_wsp,A,wRi_sgA_FLY,0.1811,0.1811,0.38,0.4028
HR_R_6_A_wsp,A,wRi_sgA_FLY,0.1811,0.1811,0.38,0.4028
AQ_R_8_A_wsp,A,wRi_sgA_FLY,0.1811,0.1811,0.38,0.4028
NC2025_R_6_A_wsp,A,wRi_sgA_FLY,0.1811,0.1811,0.38,0.4028
CD_R_8_A_wsp,A,wRi_sgA_FLY,0.1811,0.1811,0.38,0.4028
AQ_R_9_A_wsp,A,wRi_sgA_FLY,0.181,0.181,0.38,0.4028
CD_R_10_A_wsp,A,wRi_sgA_FLY,0.181,0.181,0.38,0.4028
CD_R_3_A_wsp,A,wRi_sgA_FLY,0.181,0.181,0.38,0.4028
AQ_R_8_B_wsp,B,wVitB_sgB_PARASITOID,0.0075,0.3361,0.0075,0.0075
NC2025_R_1_B_wsp,B,wVitB_sgB_PARASITOID,0.0075,0.3361,0.0075,0.0075
NC2025_R_6_B_wsp,B,wVitB_sgB_PARASITOID,0.0075,0.3361,0.0075,0.0075
NL_R_5_B_wsp,B,wVitB_sgB_PARASITOID,0.0075,0.3361,0.0075,0.0075
