,wCchiA,wMel,wRi,wUni,wCchiB,wVitB,wPip,wNo,wTpre,wBm
wCchiA,100.0,97.1721,97.2258,97.1122,85.2924,86.6097,85.5858,85.9522,84.3997,82.6962
wMel,97.1721,100.0,97.3636,97.4478,85.2131,86.6346,85.6376,85.6901,84.5884,82.6156
wRi,97.2258,97.3636,100.0,96.973,85.2801,86.644,85.426,85.9488,84.4017,82.6289
wUni,97.1122,97.4478,96.973,100.0,85.4111,86.2648,85.8258,85.2696,84.5527,82.6466
wCchiB,85.2924,85.2131,85.2801,85.4111,100.0,96.4926,95.7392,95.254,93.86,80.8578
wVitB,86.6097,86.6346,86.644,86.2648,96.4926,100.0,97.5696,96.1971,95.3248,81.6576
wPip,85.5858,85.6376,85.426,85.8258,95.7392,97.5696,100.0,95.2011,94.5197,81.0048
wNo,85.9522,85.6901,85.9488,85.2696,95.254,96.1971,95.2011,100.0,93.9641,80.8686
wTpre,84.3997,84.5884,84.4017,84.5527,93.86,95.3248,94.5197,93.9641,100.0,80.399
wBm,82.6962,82.6156,82.6289,82.6466,80.8578,81.6576,81.0048,80.8686,80.399,100.0
