copy,sample,k,hit_len,pid_vs_Bquery,region,best_ref,pident,len,call
AQ_R_12_copy1,AQ_R_12,1,590,76.949,NODE_3_length_3431_cov_2.304413:2696-3271,wRi_sgA_FLY,86.426,582,A
AQ_R_8_copy1,AQ_R_8,1,590,76.949,NODE_9_length_13966_cov_4.003240:1109-1684,wRi_sgA_FLY,86.426,582,A
AQ_R_9_copy1,AQ_R_9,1,590,76.949,NODE_105_length_3791_cov_3.484653:432-1007,wRi_sgA_FLY,86.426,582,A
CD_R_10_copy1,CD_R_10,1,573,79.407,NODE_199_length_1129_cov_1.488593:416-976,wEel_sg?_LEPIDOPTERA,89.184,564,other
CD_R_8_copy1,CD_R_8,1,590,76.949,NODE_383_length_838_cov_2.546649:254-829,wRi_sgA_FLY,86.426,582,A
CD_W_1_copy1,CD_W_1,1,559,78.891,NODE_34_length_2372_cov_1.794771:1-547,wEel_sg?_LEPIDOPTERA,88.909,550,other
NC2025_R_1_copy1,NC2025_R_1,1,539,77.737,NODE_15_length_4464_cov_1.910189:1-527,wEel_sg?_LEPIDOPTERA,88.868,530,other
NC2025_R_6_copy1,NC2025_R_6,1,567,81.481,NODE_191_length_3420_cov_3.634460:1758-2309,wEel_sg?_LEPIDOPTERA,99.275,552,other
NC2025_R_6_copy2,NC2025_R_6,2,590,76.949,NODE_2_length_29677_cov_11.634493:517-1092,wRi_sgA_FLY,86.426,582,A
NL_R_5_copy1,NL_R_5,1,453,79.47,NODE_539_length_649_cov_1.101399:207-647,wCgl_PQ472555.1_PARASITOID_Cotesia,92.568,444,Cotesia
