seg_id,A_contig,A_start,A_end,B_start,B_end,strand,identity,aln_bp,extracted_bp
seg00_461606_462890_id0.985,NC_002978.6_RagTag,461606,462890,1347507,1348799,-,0.9853,1293,1284
seg01_477807_479875_id0.978,NC_002978.6_RagTag,477807,479875,1111813,1113881,-,0.9778,2068,2068
seg02_1228260_1230747_id0.962,NC_002978.6_RagTag,1228260,1230747,1222165,1224652,+,0.9622,2487,2487
seg03_1266046_1267396_id0.957,NC_002978.6_RagTag,1266046,1267396,770707,772057,+,0.9571,1351,1350
seg04_766503_772499_id0.955,NC_002978.6_RagTag,766503,772499,518327,524290,+,0.9549,6010,5996
seg05_764120_766078_id0.943,NC_002978.6_RagTag,764120,766078,515424,517382,+,0.9433,1958,1958
seg06_977758_978387_id0.943,NC_002978.6_RagTag,977758,978387,1346459,1347087,-,0.9428,629,629
seg07_1136414_1139502_id0.942,NC_002978.6_RagTag,1136414,1139502,897203,900303,-,0.942,3103,3088
seg08_1216705_1222909_id0.937,NC_002978.6_RagTag,1216705,1222909,138981,145180,+,0.9372,6211,6204
seg09_65375_66379_id0.935,NC_002978.6_RagTag,65375,66379,1010693,1011692,+,0.9347,1011,1004
seg10_772757_773759_id0.934,NC_002978.6_RagTag,772757,773759,524512,525514,+,0.9341,1002,1002
seg11_796264_797810_id0.924,NC_002978.6_RagTag,796264,797810,613047,614593,+,0.9243,1546,1546
seg12_268028_269030_id0.922,NC_002978.6_RagTag,268028,269030,1042243,1043245,-,0.9222,1002,1002
seg13_168824_170506_id0.920,NC_002978.6_RagTag,168824,170506,1286122,1287803,+,0.9205,1685,1682
seg14_1086838_1088932_id0.920,NC_002978.6_RagTag,1086838,1088932,1181269,1183377,-,0.9204,2110,2094
seg15_1086838_1088932_id0.920,NC_002978.6_RagTag,1086838,1088932,1190694,1192802,+,0.9204,2110,2094
seg16_1267443_1267862_id0.919,NC_002978.6_RagTag,1267443,1267862,392742,393161,+,0.9189,419,419
seg17_457407_465499_id0.918,NC_002978.6_RagTag,457407,465499,1378285,1385792,+,0.9185,8108,8092
seg18_29323_29701_id0.915,NC_002978.6_RagTag,29323,29701,27227,27605,-,0.9153,378,378
seg19_1286071_1288527_id0.910,NC_002978.6_RagTag,1286071,1288527,59300,61756,+,0.9104,2456,2456
seg20_1209825_1210874_id0.910,NC_002978.6_RagTag,1209825,1210874,1293708,1294756,-,0.9104,1049,1049
seg21_172199_174066_id0.909,NC_002978.6_RagTag,172199,174066,689831,691706,-,0.9091,1882,1867
seg22_1257835_1258300_id0.908,NC_002978.6_RagTag,1257835,1258300,767672,768137,+,0.9075,465,465
seg23_1204722_1205172_id0.907,NC_002978.6_RagTag,1204722,1205172,971648,972098,+,0.9067,450,450
seg24_366586_366970_id0.906,NC_002978.6_RagTag,366586,366970,0,384,+,0.9062,384,384
seg25_595327_595966_id0.906,NC_002978.6_RagTag,595327,595966,224856,225495,+,0.9061,639,639
seg26_12078_12602_id0.905,NC_002978.6_RagTag,12078,12602,474474,474998,-,0.9046,524,524
seg27_63733_65518_id0.905,NC_002978.6_RagTag,63733,65518,724660,726471,+,0.9045,1812,1785
seg28_106086_107455_id0.903,NC_002978.6_RagTag,106086,107455,1079257,1080623,+,0.9031,1372,1369
seg29_1010345_1026270_id0.902,NC_002978.6_RagTag,1010345,1026270,252110,268031,+,0.9019,15928,15925
seg30_571462_573009_id0.901,NC_002978.6_RagTag,571462,573009,1058442,1059998,-,0.901,1556,1547
seg31_171176_171861_id0.901,NC_002978.6_RagTag,171176,171861,1288404,1289089,+,0.9006,694,685
seg32_92948_94123_id0.900,NC_002978.6_RagTag,92948,94123,448626,449801,+,0.9004,1175,1175
