win_start,win_mid_kb,wCchiA-wCchiB,wCchiA-wCchiB_bp,wMel-wPip,wMel-wPip_bp,wMel-wVitB,wMel-wVitB_bp,wRi-wPip,wRi-wPip_bp,ctl_mean,delta
0,2.5,,0.0,0.876466,4944.0,0.874124,8221.0,0.890484,4944.0,0.880358,
5000,7.5,,0.0,0.860988,5000.0,0.86502,9808.0,0.880737,5000.0,0.868915,
10000,12.5,0.90458,524.0,0.888805,2487.0,0.887799,2789.0,0.893212,2510.0,0.889939,0.014641
15000,17.5,,0.0,0.899464,5000.0,0.902116,5000.0,0.899465,5000.0,0.900348,
20000,22.5,,0.0,0.899464,5000.0,0.902116,5000.0,0.899465,5000.0,0.900348,
25000,27.5,0.915344,378.0,0.899464,5000.0,0.900159,4884.0,0.899465,5000.0,0.899696,0.015648
30000,32.5,,0.0,0.873366,2793.0,0.870983,2793.0,0.875261,2929.0,0.873203,
35000,37.5,,0.0,0.820739,1063.0,0.819104,1063.0,0.822837,562.0,0.820893,
40000,42.5,,0.0,0.820739,4607.0,0.819104,4607.0,0.822837,5000.0,0.820893,
45000,47.5,,0.0,,0.0,,0.0,0.861784,1993.0,0.861784,
50000,52.5,,0.0,0.852783,2227.0,0.849641,2227.0,0.840505,4272.0,0.847643,
55000,57.5,,0.0,0.83122,4938.0,0.831485,4711.0,0.833244,2798.0,0.831983,
60000,62.5,0.904525,1267.0,0.84678,2833.0,0.863822,2833.0,0.847518,4388.0,0.852707,0.051819
65000,67.5,0.924442,1522.0,0.848574,2169.0,0.86826,2187.0,0.847518,321.0,0.854784,0.069658
70000,72.5,,0.0,0.810777,1587.0,0.809933,1622.0,0.80748,1622.0,0.809397,
75000,77.5,,0.0,0.856137,994.0,0.861474,2606.0,0.851763,1967.0,0.856458,
80000,82.5,,0.0,0.891024,3502.0,0.894233,3482.0,,0.0,0.892629,
85000,87.5,0.862768,1559.0,0.893369,2996.0,0.885227,2996.0,,0.0,0.889298,-0.02653
90000,92.5,0.874252,3853.0,0.875851,2041.0,0.885318,2041.0,0.810729,4648.0,0.857299,0.016953
95000,97.5,,0.0,0.858686,5000.0,0.876523,5000.0,0.859893,5000.0,0.865034,
100000,102.5,0.861339,2231.0,0.860605,4260.0,0.869861,4260.0,0.846149,4855.0,0.858872,0.002467
105000,107.5,0.887294,2253.0,0.858515,1584.0,0.852572,1586.0,0.886311,4747.0,0.865799,0.021495
110000,112.5,,0.0,0.851325,4376.0,0.863513,4244.0,0.878976,381.0,0.864605,
115000,117.5,,0.0,0.873299,1176.0,0.805894,2894.0,0.882311,3006.0,0.853835,
120000,122.5,0.830514,254.0,0.8514,2805.0,0.854012,2805.0,0.823555,2937.0,0.842989,-0.012475
125000,127.5,0.830514,5000.0,0.877644,2432.0,0.870976,2497.0,0.839584,3058.0,0.862735,-0.032221
130000,132.5,0.830514,1109.0,0.882516,1447.0,0.870615,1821.0,0.895904,2914.0,0.883011,-0.052498
135000,137.5,0.838827,3144.0,0.841888,3800.0,0.827606,3146.0,0.84763,1588.0,0.839041,-0.000214
140000,142.5,0.872844,4913.0,0.855499,4868.0,0.848361,4880.0,0.860055,4436.0,0.854638,0.018206
145000,147.5,0.878431,2339.0,0.820595,4903.0,0.820405,4903.0,0.855732,5000.0,0.832244,0.046187
150000,152.5,0.879009,2542.0,0.803922,917.0,0.843979,3978.0,0.869006,2653.0,0.838969,0.04004
155000,157.5,0.834664,2265.0,,0.0,0.860321,3889.0,0.893122,3541.0,0.876722,-0.042058
160000,162.5,0.857975,984.0,0.862624,808.0,0.854131,2078.0,0.882104,3264.0,0.866286,-0.008311
165000,167.5,0.90503,1562.0,0.877802,1880.0,0.878324,2102.0,0.862136,2142.0,0.872754,0.032276
170000,172.5,0.909097,3058.0,0.925277,3165.0,0.927185,3165.0,0.874827,2262.0,0.909097,0.0
175000,177.5,0.848818,1538.0,0.831414,3091.0,0.886769,3146.0,0.958751,2497.0,0.892311,-0.043493
180000,182.5,0.848818,278.0,0.92994,5000.0,0.930873,5000.0,0.871949,2211.0,0.910921,-0.062103
185000,187.5,0.866851,936.0,0.89262,3924.0,0.894757,3925.0,0.930907,4723.0,0.906095,-0.039244
190000,192.5,0.825583,5000.0,0.877553,2813.0,0.847711,2731.0,0.907713,3091.0,0.877659,-0.052076
195000,197.5,0.845337,3066.0,0.903349,972.0,0.894698,972.0,0.886351,1933.0,0.894799,-0.049463
200000,202.5,0.879726,3711.0,0.860338,4113.0,0.863566,4113.0,0.875055,2642.0,0.866319,0.013407
205000,207.5,0.881142,2637.0,0.860338,4848.0,0.863566,4848.0,0.893999,1459.0,0.872634,0.008508
210000,212.5,0.863562,78.0,0.895373,1902.0,0.876643,3729.0,0.85881,5000.0,0.876942,-0.01338
215000,217.5,0.855072,2885.0,0.894469,4868.0,0.912434,4081.0,0.85881,3698.0,0.888571,-0.033499
220000,222.5,0.872884,3440.0,0.884709,2373.0,0.885993,2412.0,0.886651,4738.0,0.885784,-0.012901
225000,227.5,0.880347,1725.0,0.875359,2688.0,0.872752,2685.0,0.841339,3883.0,0.86315,0.017197
230000,232.5,,0.0,0.886509,2408.0,0.891612,3429.0,0.905529,567.0,0.89455,
235000,237.5,0.891375,3032.0,0.858273,15040.0,0.88341,1174.0,0.905529,2155.0,0.882404,0.008971
240000,242.5,0.868733,2137.0,0.85548,8177.0,0.956159,1906.0,0.842076,3951.0,0.884572,-0.015839
245000,247.5,0.864086,3511.0,0.909091,1023.0,,0.0,0.820689,2357.0,0.86489,-0.000804
250000,252.5,0.857658,3727.0,,0.0,,0.0,0.889054,3136.0,0.889054,-0.031396
255000,257.5,0.834184,4370.0,,0.0,,0.0,0.869156,3473.0,0.869156,-0.034972
260000,262.5,0.861246,2228.0,,0.0,,0.0,0.85998,3566.0,0.85998,0.001266
265000,267.5,0.900891,1618.0,,0.0,,0.0,0.891233,2017.0,0.891233,0.009658
270000,272.5,0.857631,1686.0,,0.0,,0.0,0.860731,2458.0,0.860731,-0.0031
275000,277.5,0.836329,3706.0,0.829063,604.0,0.832484,604.0,0.840267,3311.0,0.833938,0.002391
280000,282.5,0.832319,328.0,0.829063,5000.0,0.832484,5000.0,,0.0,0.830774,0.001546
285000,287.5,0.833991,1542.0,0.829063,1590.0,0.838444,4392.0,0.856533,1875.0,0.841347,-0.007356
290000,292.5,0.81589,1489.0,0.881829,3006.0,0.877733,3161.0,0.838923,1794.0,0.866162,-0.050271
295000,297.5,0.857614,2328.0,0.879016,3299.0,0.876833,3299.0,0.839012,3041.0,0.864954,-0.007339
300000,302.5,,0.0,0.869582,4913.0,0.871119,4102.0,0.899753,1217.0,0.880151,
305000,307.5,,0.0,0.859294,2519.0,0.840565,2301.0,0.891444,2418.0,0.863768,
310000,312.5,,0.0,,0.0,0.91867,1413.0,0.87004,1008.0,0.894355,
315000,317.5,,0.0,0.875698,1393.0,0.897199,1254.0,,0.0,0.886448,
320000,322.5,0.842043,4487.0,0.911394,3820.0,0.913425,3820.0,0.868225,2710.0,0.897681,-0.055639
325000,327.5,0.842043,523.0,0.865979,1987.0,0.873888,1925.0,0.849462,2574.0,0.86311,-0.021067
330000,332.5,0.897026,70.0,0.828155,2398.0,0.829019,2266.0,0.886143,2964.0,0.847772,0.049254
335000,337.5,0.890838,3521.0,0.850992,2677.0,0.849567,3038.0,0.868867,5000.0,0.856475,0.034363
340000,342.5,0.858982,549.0,0.828349,2974.0,0.840489,4148.0,0.847718,4121.0,0.838852,0.02013
345000,347.5,0.850951,2185.0,0.828864,3148.0,0.832817,3148.0,0.830878,4615.0,0.830853,0.020098
350000,352.5,0.826961,3675.0,0.884475,3679.0,0.892432,3679.0,0.876184,1466.0,0.884364,-0.057402
355000,357.5,0.709958,5000.0,0.857713,2793.0,0.866263,3278.0,0.877581,2146.0,0.867186,-0.157228
360000,362.5,0.787237,2400.0,0.860513,2925.0,0.90429,121.0,0.863965,1860.0,0.876256,-0.089019
365000,367.5,0.90625,384.0,0.850322,1972.0,0.850321,1972.0,0.822911,4562.0,0.841185,0.065065
370000,372.5,0.879612,2683.0,0.859284,4427.0,0.859518,4436.0,0.847115,4432.0,0.855306,0.024307
375000,377.5,0.899381,646.0,0.900787,1569.0,0.878531,117.0,0.857417,835.0,0.878912,0.020469
380000,382.5,,0.0,0.91752,1758.0,0.907323,3496.0,0.875156,1970.0,0.899999,
385000,387.5,,0.0,0.868028,2340.0,0.863298,1410.0,0.877101,1086.0,0.869476,
390000,392.5,,0.0,0.877361,2331.0,0.884054,3493.0,0.882765,2024.0,0.881393,
395000,397.5,0.893838,1760.0,0.865297,1011.0,0.871114,921.0,0.903577,210.0,0.879996,0.013841
400000,402.5,0.879956,5000.0,0.828553,4397.0,0.831772,4397.0,0.862538,1941.0,0.840954,0.039002
405000,407.5,0.879956,5000.0,0.851443,4540.0,0.873501,3791.0,0.879047,3484.0,0.867997,0.011959
410000,412.5,0.879956,5000.0,0.867688,5000.0,0.888203,5000.0,0.858785,2433.0,0.871559,0.008397
415000,417.5,0.879956,5000.0,0.866648,3454.0,0.871141,3454.0,,0.0,0.868895,0.011061
420000,422.5,0.843478,1300.0,0.823592,4097.0,0.842218,3562.0,,0.0,0.832905,0.010573
425000,427.5,0.884746,2824.0,0.818844,1545.0,0.865213,2504.0,0.862865,4096.0,0.848974,0.035772
430000,432.5,0.863669,1379.0,0.81604,1783.0,0.819859,1843.0,0.83193,1201.0,0.82261,0.04106
435000,437.5,0.843285,885.0,,0.0,,0.0,0.861948,1931.0,0.861948,-0.018663
440000,442.5,0.843285,4810.0,0.87902,653.0,0.879756,657.0,0.875291,3700.0,0.878023,-0.034738
445000,447.5,0.881381,666.0,0.842067,3103.0,0.840884,3109.0,0.879691,3730.0,0.854214,0.027167
450000,452.5,0.861286,2545.0,0.84577,2166.0,0.836935,1903.0,0.86558,2066.0,0.849429,0.011857
455000,457.5,0.909742,3032.0,0.884133,3492.0,0.878042,2926.0,0.824079,5000.0,0.862084,0.047658
460000,462.5,0.932131,6284.0,0.876494,2406.0,0.846222,3338.0,0.847565,1308.0,0.85676,0.07537
465000,467.5,0.56991,4166.0,0.847695,4323.0,0.838053,4457.0,0.798649,1629.0,0.828132,-0.258222
470000,472.5,0.522478,5000.0,0.864042,4227.0,0.876093,2699.0,0.855076,1903.0,0.86507,-0.342593
475000,477.5,0.715768,4871.0,0.857731,1150.0,0.866144,3452.0,0.899127,2996.0,0.874334,-0.158566
480000,482.5,,0.0,0.886311,2355.0,0.881555,4279.0,,0.0,0.883933,
485000,487.5,,0.0,0.902847,2466.0,0.947802,2768.0,0.911536,1382.0,0.920728,
490000,492.5,,0.0,0.918183,5670.0,0.90136,2374.0,0.835264,732.0,0.884936,
495000,497.5,,0.0,,0.0,,0.0,0.861782,4044.0,0.861782,
500000,502.5,,0.0,,0.0,,0.0,0.855064,1292.0,0.855064,
505000,507.5,,0.0,,0.0,,0.0,0.880499,2817.0,0.880499,
510000,512.5,,0.0,,0.0,0.849696,1279.0,0.872614,4913.0,0.861155,
515000,517.5,,0.0,0.847242,3695.0,0.845076,4689.0,0.857515,2918.0,0.849944,
520000,522.5,,0.0,0.847242,1942.0,0.843833,1942.0,0.845187,2493.0,0.845421,
525000,527.5,,0.0,,0.0,0.875808,2786.0,0.845187,4659.0,0.860497,
530000,532.5,,0.0,0.873366,700.0,0.874113,700.0,0.88365,1415.0,0.877043,
535000,537.5,0.884065,1945.0,0.880398,2620.0,0.880199,2620.0,0.88365,5000.0,0.881416,0.00265
540000,542.5,0.860199,5000.0,0.861059,3702.0,0.86472,3714.0,0.88365,5000.0,0.86981,-0.009611
545000,547.5,0.858993,2727.0,0.870907,1088.0,0.890156,1728.0,0.88365,5000.0,0.881571,-0.022578
550000,552.5,0.855669,2532.0,0.913669,5556.0,0.957346,632.0,0.88365,5000.0,0.918222,-0.062553
555000,557.5,0.862092,1407.0,0.89981,6243.0,0.889312,3273.0,0.887736,1432.0,0.892286,-0.030194
560000,562.5,0.829049,3849.0,0.900417,6400.0,0.881557,3917.0,0.886708,2436.0,0.88956,-0.060511
565000,567.5,0.87041,53.0,0.560873,2386.0,0.829135,902.0,0.907767,605.0,0.765925,0.104486
570000,572.5,0.868354,2621.0,0.860518,7545.0,0.88559,2255.0,,0.0,0.873054,-0.0047
575000,577.5,0.821289,2451.0,0.834013,16842.0,,0.0,,0.0,0.834013,-0.012724
580000,582.5,0.873992,174.0,0.821567,11455.0,0.861718,2059.0,0.732768,6361.0,0.805351,0.068641
585000,587.5,0.820935,4621.0,0.834108,2454.0,,0.0,0.749409,15242.0,0.791758,0.029177
590000,592.5,0.785051,3661.0,0.794666,1963.0,0.909054,1553.0,0.83565,8624.0,0.846457,-0.061406
595000,597.5,0.864562,4616.0,,0.0,0.921595,4667.0,0.890518,8765.0,0.906056,-0.041494
600000,602.5,0.864313,5000.0,,0.0,0.959839,9481.0,0.858225,2138.0,0.909032,-0.04472
605000,607.5,0.867138,3922.0,0.872924,2618.0,0.957405,3993.0,0.859762,1091.0,0.896697,-0.029559
610000,612.5,0.879186,4599.0,0.880679,2928.0,0.885606,2128.0,,0.0,0.883142,-0.003957
615000,617.5,0.887085,2213.0,0.840138,2023.0,0.882262,1005.0,,0.0,0.8612,0.025885
620000,622.5,0.826557,1571.0,0.843923,4586.0,,0.0,,0.0,0.843923,-0.017366
625000,627.5,0.872897,4086.0,0.772798,9824.0,0.866061,1624.0,,0.0,0.819429,0.053468
630000,632.5,0.878012,3539.0,0.771582,12196.0,,0.0,,0.0,0.771582,0.10643
635000,637.5,0.854601,2704.0,0.884857,3042.0,0.887838,3042.0,0.84586,184.0,0.872851,-0.01825
640000,642.5,0.876234,254.0,0.87605,5000.0,0.880341,5000.0,0.861358,2946.0,0.872583,0.003651
645000,647.5,0.862073,4633.0,0.87605,5000.0,0.880341,5000.0,0.851956,4065.0,0.869449,-0.007376
650000,652.5,0.840809,5000.0,0.87605,5000.0,0.880341,5000.0,0.84,2726.0,0.865464,-0.024655
655000,657.5,0.861238,2954.0,0.87605,5000.0,0.867635,3881.0,0.88459,3076.0,0.876092,-0.014854
660000,662.5,0.808567,4799.0,0.87605,691.0,0.815828,1675.0,0.878181,3366.0,0.856686,-0.04812
665000,667.5,0.825147,2980.0,0.884254,2445.0,0.894888,2445.0,0.870384,4001.0,0.883175,-0.058028
670000,672.5,0.825937,2486.0,0.847983,2353.0,0.851431,2200.0,0.872119,4782.0,0.857178,-0.03124
675000,677.5,0.813171,33.0,0.867627,1134.0,0.862479,1147.0,0.855329,4249.0,0.861812,-0.048641
680000,682.5,0.813171,2014.0,0.860495,5000.0,0.851463,5000.0,0.875946,3877.0,0.862635,-0.049464
685000,687.5,,0.0,0.861699,2309.0,0.866992,2364.0,0.751456,4269.0,0.826715,
690000,692.5,0.854338,3927.0,0.853659,2964.0,0.868562,2106.0,0.749169,205.0,0.823797,0.030541
695000,697.5,0.841905,2222.0,0.850924,4273.0,0.860103,4273.0,0.864127,2605.0,0.858385,-0.016479
700000,702.5,0.880363,4815.0,0.801262,5000.0,0.835094,5000.0,0.860201,3696.0,0.832185,0.048178
705000,707.5,0.864817,3926.0,0.815448,3546.0,0.843867,2991.0,0.863547,2703.0,0.840954,0.023863
710000,712.5,0.80882,7154.0,0.852539,3663.0,0.885462,3536.0,0.842235,5398.0,0.860079,-0.051259
715000,717.5,0.819266,2089.0,0.822434,980.0,0.619989,2684.0,0.858476,22.0,0.766966,0.052299
720000,722.5,0.886415,2829.0,0.857642,3206.0,0.776119,3281.0,,0.0,0.816881,0.069534
725000,727.5,0.877032,1265.0,0.89243,3219.0,0.8899,3219.0,,0.0,0.891165,-0.014133
730000,732.5,0.844134,1790.0,0.856374,4065.0,0.856193,4065.0,,0.0,0.856284,-0.012149
735000,737.5,,0.0,0.850934,3417.0,0.852027,3417.0,0.881818,550.0,0.861593,
740000,742.5,0.879663,2331.0,0.882791,3555.0,0.885171,3626.0,,0.0,0.883981,-0.004318
745000,747.5,0.877847,1019.0,0.877496,3975.0,0.876435,4917.0,,0.0,0.876966,0.000881
750000,752.5,0.829456,4604.0,0.854766,3157.0,0.869025,4143.0,,0.0,0.861895,-0.03244
755000,757.5,0.839886,2486.0,0.843937,5000.0,0.857247,5000.0,,0.0,0.850592,-0.010706
760000,762.5,0.915947,2045.0,0.867249,4637.0,0.859966,4621.0,0.870899,6796.0,0.866038,0.04991
765000,767.5,0.952175,4575.0,0.890366,3699.0,0.88402,3711.0,0.87235,4155.0,0.882245,0.06993
770000,772.5,0.948962,3501.0,0.822876,4798.0,0.822201,4798.0,0.841536,2001.0,0.828871,0.120091
775000,777.5,0.897423,3530.0,0.894284,1649.0,0.888696,1649.0,0.874023,5350.0,0.885668,0.011755
780000,782.5,0.897423,4222.0,0.869014,4215.0,0.873822,4198.0,0.886115,1879.0,0.876317,0.021105
785000,787.5,0.867229,4610.0,0.865615,3863.0,0.869112,3776.0,0.881902,3643.0,0.87221,-0.004981
790000,792.5,0.862593,2064.0,0.861158,2949.0,0.856418,2949.0,0.890571,1858.0,0.869382,-0.006789
795000,797.5,0.899812,3092.0,0.879217,3317.0,0.878696,3311.0,0.869035,1886.0,0.875649,0.024162
800000,802.5,0.867436,2963.0,,0.0,,0.0,0.900713,1682.0,0.900713,-0.033278
805000,807.5,0.727453,5000.0,0.839255,1773.0,0.839864,1761.0,0.810889,4502.0,0.830003,-0.10255
810000,812.5,0.727453,3366.0,0.822689,3554.0,0.872589,3694.0,0.831543,4528.0,0.842274,-0.114821
815000,817.5,0.863221,2334.0,0.859518,3084.0,0.87271,5000.0,0.888785,1524.0,0.873671,-0.01045
820000,822.5,0.839387,5000.0,0.837748,4333.0,0.834037,3300.0,0.945355,496.0,0.87238,-0.032993
825000,827.5,0.770446,3674.0,0.875967,4361.0,0.887406,4275.0,0.882445,1502.0,0.881939,-0.111494
830000,832.5,0.879645,303.0,0.761024,4024.0,0.750701,4024.0,0.884184,4143.0,0.798636,0.081009
835000,837.5,0.879645,935.0,0.683254,4549.0,0.684294,4549.0,0.911345,144.0,0.759631,0.120014
840000,842.5,0.866274,1183.0,0.825023,2197.0,0.844888,3736.0,0.86694,4051.0,0.845617,0.020657
845000,847.5,0.805578,4606.0,0.847796,866.0,0.842612,866.0,0.866624,3786.0,0.852344,-0.046766
850000,852.5,0.735787,2223.0,0.80692,2998.0,0.837537,2234.0,0.857715,3245.0,0.834057,-0.09827
855000,857.5,0.721625,5000.0,0.822051,3596.0,0.843849,4918.0,0.871867,2268.0,0.845922,-0.124298
860000,862.5,0.721625,5000.0,0.819276,3204.0,0.819687,3204.0,0.871867,1278.0,0.836943,-0.115319
865000,867.5,0.780964,2995.0,0.888398,685.0,0.88893,698.0,0.833246,1824.0,0.870191,-0.089227
870000,872.5,0.881112,2986.0,0.887829,4257.0,0.88893,2029.0,0.873176,1512.0,0.883311,-0.0022
875000,877.5,0.787616,4397.0,0.816628,4680.0,0.810612,4580.0,0.791199,2039.0,0.806146,-0.01853
880000,882.5,0.787616,5000.0,0.843958,4345.0,0.850629,4345.0,0.861956,3946.0,0.852181,-0.064565
885000,887.5,0.787616,4683.0,0.855627,1716.0,0.855114,1716.0,0.837601,3575.0,0.849447,-0.061832
890000,892.5,0.855444,2089.0,0.853085,5000.0,0.852713,5000.0,0.882307,4815.0,0.862702,-0.007258
895000,897.5,0.855444,5000.0,0.868919,2329.0,0.891273,2192.0,0.872927,3880.0,0.877706,-0.022262
900000,902.5,0.86028,3905.0,0.876234,1442.0,0.879526,1442.0,0.878274,3758.0,0.878012,-0.017731
905000,907.5,0.861002,2024.0,0.877897,3493.0,0.909341,1092.0,0.820036,2197.0,0.869091,-0.008089
910000,912.5,0.874439,2218.0,0.850833,2469.0,0.857249,2469.0,0.888684,2712.0,0.865589,0.008851
915000,917.5,0.85696,2060.0,0.855278,2122.0,0.858552,2071.0,0.816741,583.0,0.843524,0.013436
920000,922.5,0.844422,1123.0,0.929931,4129.0,0.912283,3142.0,0.821942,4012.0,0.888052,-0.043631
925000,927.5,0.857839,15.0,0.943953,5000.0,0.964731,4960.0,0.824832,2192.0,0.911172,-0.053333
930000,932.5,0.857839,4689.0,0.93841,1984.0,0.952834,1594.0,0.800723,2536.0,0.897322,-0.039483
935000,937.5,0.878971,917.0,0.861568,5000.0,0.891082,5069.0,0.855823,2474.0,0.869491,0.00948
940000,942.5,0.884057,2510.0,0.833172,4135.0,0.866513,5199.0,0.82234,5000.0,0.840675,0.043382
945000,947.5,0.730898,2894.0,0.782303,4717.0,0.78223,4717.0,0.853475,4069.0,0.806002,-0.075105
950000,952.5,0.730941,4868.0,0.86295,1349.0,0.858668,1349.0,0.865489,2907.0,0.862369,-0.131428
955000,957.5,0.730986,5000.0,0.864738,2471.0,0.874807,4047.0,0.869079,4632.0,0.869542,-0.138556
960000,962.5,0.749743,4100.0,0.871201,3119.0,0.868642,3119.0,0.854891,3093.0,0.864911,-0.115168
965000,967.5,0.782773,4858.0,0.736756,4406.0,0.809001,4406.0,0.832169,3964.0,0.792642,-0.009869
970000,972.5,,0.0,0.696092,5000.0,0.768125,4781.0,0.841512,2066.0,0.768576,
975000,977.5,0.942766,629.0,0.743799,2003.0,0.859232,2176.0,0.905983,1404.0,0.836338,0.106429
980000,982.5,0.840254,3341.0,0.857901,4093.0,0.87317,3539.0,0.931997,2592.0,0.887689,-0.047435
985000,987.5,0.844788,4303.0,0.815605,4579.0,0.853327,3927.0,0.931997,5000.0,0.866976,-0.022188
990000,992.5,0.803329,1061.0,0.772007,1025.0,0.775744,1036.0,0.919029,2853.0,0.82226,-0.018931
995000,997.5,0.803329,4729.0,0.87234,1175.0,0.804567,2263.0,0.8973,1899.0,0.858069,-0.054741
1000000,1002.5,0.874857,359.0,0.813992,4351.0,0.834063,918.0,0.896125,4231.0,0.84806,0.026797
1005000,1007.5,0.874857,2268.0,0.836359,4151.0,0.850347,3752.0,0.869057,3836.0,0.851921,0.022936
1010000,1012.5,0.901934,4655.0,0.862758,1962.0,0.873924,3228.0,0.846247,1643.0,0.860976,0.040958
1015000,1017.5,0.901934,5000.0,,0.0,0.869954,4975.0,0.876702,1320.0,0.873328,0.028606
1020000,1022.5,0.901934,5000.0,,0.0,0.858124,4213.0,0.900822,3191.0,0.879473,0.022461
1025000,1027.5,0.898622,1728.0,0.884247,801.0,0.838171,3419.0,0.847756,2749.0,0.856725,0.041898
1030000,1032.5,0.889441,5000.0,0.886177,3065.0,0.88463,3065.0,0.752758,5000.0,0.841189,0.048252
1035000,1037.5,0.854432,4944.0,0.865545,3636.0,0.946311,3485.0,0.752758,3157.0,0.854871,-0.000439
1040000,1042.5,0.801537,5000.0,0.86401,5000.0,0.855158,5000.0,0.895798,1189.0,0.871655,-0.070119
1045000,1047.5,0.801537,4716.0,0.86401,5000.0,0.855158,5000.0,0.867702,918.0,0.86229,-0.060753
1050000,1052.5,,0.0,0.886936,2563.0,0.885085,2568.0,0.867702,4735.0,0.879907,
1055000,1057.5,0.875511,2166.0,0.878948,3235.0,0.87968,3696.0,0.771807,3481.0,0.843478,0.032032
1060000,1062.5,0.852665,2901.0,0.865611,3509.0,0.892143,4861.0,0.899321,4410.0,0.885692,-0.033027
1065000,1067.5,0.84329,3736.0,0.869535,1777.0,0.868843,1752.0,0.860658,1946.0,0.866345,-0.023055
1070000,1072.5,0.875836,4026.0,0.855554,3536.0,0.856783,3344.0,0.875641,813.0,0.862659,0.013176
1075000,1077.5,0.881894,3989.0,0.820525,3674.0,0.815761,3606.0,0.889614,1029.0,0.841966,0.039928
1080000,1082.5,0.724792,4803.0,0.887034,2142.0,0.901665,2142.0,0.847954,5240.0,0.878884,-0.154092
1085000,1087.5,0.884983,5778.0,0.897961,3336.0,0.897567,3336.0,0.900699,715.0,0.898742,-0.01376
1090000,1092.5,0.863385,849.0,0.878447,2071.0,0.87652,1541.0,0.82328,686.0,0.859416,0.00397
1095000,1097.5,0.852508,3057.0,0.89287,3532.0,0.884454,3837.0,0.847977,3441.0,0.8751,-0.022593
1100000,1102.5,0.798673,2869.0,0.895193,2613.0,0.902353,2607.0,0.898709,1314.0,0.898751,-0.100079
1105000,1107.5,0.798673,5000.0,0.855749,4037.0,0.852092,3517.0,0.876707,1729.0,0.861516,-0.062843
1110000,1112.5,0.850818,4005.0,0.83002,1949.0,0.82575,2003.0,,0.0,0.827885,0.022933
1115000,1117.5,0.890098,916.0,0.867907,3433.0,0.870615,3147.0,0.815909,4417.0,0.851477,0.038621
1120000,1122.5,0.620413,2275.0,0.845718,1288.0,0.862642,1221.0,,0.0,0.85418,-0.233766
1125000,1127.5,0.825009,4258.0,0.879397,1990.0,0.836087,3444.0,,0.0,0.857742,-0.032733
1130000,1132.5,0.854347,5000.0,0.81076,3328.0,0.81001,3334.0,0.873602,31.0,0.831458,0.022889
1135000,1137.5,0.94054,3140.0,0.821367,5000.0,0.823664,5000.0,0.891256,5418.0,0.845429,0.095111
1140000,1142.5,0.881913,3494.0,0.821367,942.0,0.848191,2741.0,0.898934,1809.0,0.856164,0.025749
1145000,1147.5,0.862174,4023.0,0.735191,3343.0,0.835959,2754.0,0.903401,3267.0,0.82485,0.037324
1150000,1152.5,0.812456,3651.0,0.757867,5000.0,0.834459,5000.0,0.874043,1175.0,0.822123,-0.009667
1155000,1157.5,0.751143,4410.0,0.757867,5000.0,0.838422,4957.0,,0.0,0.798144,-0.047001
1160000,1162.5,,0.0,0.872424,4277.0,0.879382,4396.0,0.842803,1379.0,0.864869,
1165000,1167.5,,0.0,0.92267,4086.0,0.883177,4834.0,0.844233,2544.0,0.88336,
1170000,1172.5,,0.0,0.941138,212.0,0.936018,330.0,0.843214,4697.0,0.90679,
1175000,1177.5,0.858888,1786.0,0.736608,4467.0,0.843991,4467.0,0.842801,1134.0,0.8078,0.051088
1180000,1182.5,0.858888,5000.0,0.736608,5000.0,0.843991,5000.0,,0.0,0.790299,0.068589
1185000,1187.5,0.875178,3645.0,0.761136,4329.0,0.852862,3267.0,,0.0,0.806999,0.068179
1190000,1192.5,0.8604,3380.0,0.827068,3225.0,0.87578,1587.0,,0.0,0.851424,0.008976
1195000,1197.5,0.859988,2137.0,0.872706,3962.0,0.867988,4149.0,0.884952,1329.0,0.875215,-0.015227
1200000,1202.5,0.888188,4164.0,0.877011,5000.0,0.876885,5000.0,0.881036,3898.0,0.878311,0.009877
1205000,1207.5,0.880787,4166.0,0.803512,3043.0,0.859051,3384.0,0.859718,5000.0,0.84076,0.040026
1210000,1212.5,0.893533,3065.0,0.819948,2280.0,0.845886,2280.0,0.859718,5000.0,0.841851,0.051682
1215000,1217.5,0.922707,4626.0,0.85842,2004.0,0.85567,4008.0,0.859718,2767.0,0.857936,0.064771
1220000,1222.5,0.897882,4115.0,0.871592,2231.0,0.870656,2231.0,0.872428,4579.0,0.871559,0.026324
1225000,1227.5,0.897651,2927.0,0.868642,4610.0,0.869336,4610.0,0.830673,1533.0,0.856217,0.041434
1230000,1232.5,0.962203,747.0,0.898037,263.0,0.879929,3495.0,0.865078,3008.0,0.881015,0.081189
1235000,1237.5,0.850575,870.0,0.784113,1189.0,0.877609,2754.0,0.848925,2865.0,0.836883,0.013692
1240000,1242.5,0.856491,1972.0,0.784113,5000.0,0.84651,4667.0,0.866109,1234.0,0.832244,0.024247
1245000,1247.5,0.872866,325.0,0.818741,3083.0,0.868559,1640.0,0.831868,3013.0,0.839722,0.033144
1250000,1252.5,0.879185,2553.0,0.849209,1951.0,0.868559,1029.0,0.695296,4806.0,0.804354,0.074831
1255000,1257.5,0.886329,2604.0,0.88059,3779.0,0.877168,3779.0,0.695296,3478.0,0.817685,0.068644
1260000,1262.5,0.885764,2303.0,0.888386,5000.0,0.884945,5000.0,0.863755,2020.0,0.879029,0.006735
1265000,1267.5,0.948017,1769.0,0.902058,2401.0,0.907506,3282.0,0.876087,1708.0,0.895217,0.0528
1270000,1272.5,,0.0,,0.0,,0.0,0.769149,4671.0,0.769149,
1275000,1277.5,0.860488,3993.0,,0.0,,0.0,0.756967,5000.0,0.756967,0.103521
1280000,1282.5,0.796545,2604.0,,0.0,,0.0,0.808553,4419.0,0.808553,-0.012007
1285000,1287.5,0.90519,3189.0,,0.0,,0.0,0.891467,4164.0,0.891467,0.013723
1290000,1292.5,0.887654,1785.0,,0.0,,0.0,0.908505,3693.0,0.908505,-0.020851
1295000,1297.5,0.880673,3648.0,,0.0,,0.0,0.854591,5000.0,0.854591,0.026082
1300000,1302.5,0.885966,3019.0,,0.0,,0.0,0.802782,4462.0,0.802782,0.083184
1305000,1307.5,,0.0,,0.0,,0.0,0.751752,4496.0,0.751752,
1310000,1312.5,0.851235,1595.0,,0.0,,0.0,0.831702,3018.0,0.831702,0.019532
1315000,1317.5,0.865667,2890.0,,0.0,,0.0,0.873597,3961.0,0.873597,-0.00793
1320000,1322.5,0.866707,3306.0,,0.0,,0.0,0.881905,5000.0,0.881905,-0.015198
1325000,1327.5,0.801599,1361.0,,0.0,,0.0,0.823253,3082.0,0.823253,-0.021654
1330000,1332.5,0.864846,1428.0,,0.0,,0.0,0.795661,3213.0,0.795661,0.069185
1335000,1337.5,0.82126,4109.0,,0.0,,0.0,0.858513,834.0,0.858513,-0.037253
1340000,1342.5,0.842105,5000.0,,0.0,,0.0,,0.0,,
1345000,1347.5,0.842105,153.0,,0.0,,0.0,,0.0,,
1350000,1352.5,0.864111,1148.0,,0.0,,0.0,,0.0,,
1355000,1357.5,0.838705,2617.0,,0.0,,0.0,0.834862,860.0,0.834862,0.003842
1360000,1362.5,0.838705,3535.0,,0.0,,0.0,0.889949,2413.0,0.889949,-0.051245
