tip,nearest,nearest_host,nn3,nn_dist,tip_short
Chilo_AQ_R_12_CHILO,wRi_FLY,FLY,FLY;FLY;PARASITOID,0.137,AQ_R_12
Chilo_HR_R_6_CHILO,wRi_FLY,FLY,FLY;FLY;PARASITOID,0.1287,HR_R_6
Chilo_CD_R_8_CHILO,wRi_FLY,FLY,FLY;FLY;PARASITOID,0.0715,CD_R_8
Chilo_CD_W_1_CHILO,wRi_FLY,FLY,FLY;FLY;PARASITOID,0.0518,CD_W_1
Chilo_HZ_R_5_CHILO,wRi_FLY,FLY,FLY;FLY;PARASITOID,0.022,HZ_R_5
Chilo_AQ_R_8_CHILO,wRi_FLY,FLY,FLY;FLY;PARASITOID,0.0386,AQ_R_8
Chilo_AQ_R_9_CHILO,wRi_FLY,FLY,FLY;FLY;PARASITOID,0.0189,AQ_R_9
Chilo_CD_R_3_CHILO,wRi_FLY,FLY,FLY;FLY;PARASITOID,0.0275,CD_R_3
Chilo_CD_R_5_CHILO,wEel_LEPIDOPTERA,LEPIDOPTERA,LEPIDOPTERA;LEPIDOPTERA;LEPIDOPTERA,0.0464,CD_R_5
Chilo_CD_R_10_CHILO,wEel_LEPIDOPTERA,LEPIDOPTERA,LEPIDOPTERA;LEPIDOPTERA;LEPIDOPTERA,0.0296,CD_R_10
Chilo_CD_R_2_CHILO,wEel_LEPIDOPTERA,LEPIDOPTERA,LEPIDOPTERA;LEPIDOPTERA;LEPIDOPTERA,0.0571,CD_R_2
Chilo_NC2025_R_6_CHILO,wRi_FLY,FLY,FLY;FLY;PARASITOID,0.0755,NC2025_R_6
Chilo_NL_R_5_CHILO,wRi_FLY,FLY,FLY;FLY;PARASITOID,0.0804,NL_R_5
Chilo_NC2025_R_1_CHILO,wRi_FLY,FLY,FLY;FLY;PARASITOID,0.0745,NC2025_R_1
