assembly,sequence_set,feature,seqid,start,end,strand,tool
wCchiA,scaffold,16S_rRNA,NC_002978.6_RagTag,1137249,1138753,-,barrnap 1.10.5
wCchiA,scaffold,5S_rRNA,NC_002978.6_RagTag,1216721,1216827,-,barrnap 1.10.5
wCchiA,scaffold,23S_rRNA,NC_002978.6_RagTag,1216894,1219659,-,barrnap 1.10.5
wCchiA,scaffold,tRNA-Leu,NC_002978.6_RagTag,141487,141568,+,tRNAscan-SE 2.0.13
wCchiA,scaffold,tRNA-Leu,NC_002978.6_RagTag,187727,187809,+,tRNAscan-SE 2.0.13
wCchiA,scaffold,tRNA-Leu,NC_002978.6_RagTag,220962,221048,+,tRNAscan-SE 2.0.13
wCchiA,scaffold,tRNA-Phe,NC_002978.6_RagTag,327985,328057,+,tRNAscan-SE 2.0.13
wCchiA,scaffold,tRNA-Ser,NC_002978.6_RagTag,564987,565073,+,tRNAscan-SE 2.0.13
wCchiA,scaffold,tRNA-Ile2,NC_002978.6_RagTag,669981,670057,+,tRNAscan-SE 2.0.13
wCchiA,scaffold,tRNA-Asn,NC_002978.6_RagTag,714367,714438,+,tRNAscan-SE 2.0.13
wCchiA,scaffold,tRNA-Lys,NC_002978.6_RagTag,776891,776963,+,tRNAscan-SE 2.0.13
wCchiA,scaffold,tRNA-Ser,NC_002978.6_RagTag,783115,783202,+,tRNAscan-SE 2.0.13
wCchiA,scaffold,tRNA-Leu,NC_002978.6_RagTag,795444,795528,+,tRNAscan-SE 2.0.13
wCchiA,scaffold,tRNA-Val,NC_002978.6_RagTag,842294,842366,+,tRNAscan-SE 2.0.13
wCchiA,scaffold,tRNA-Ile,NC_002978.6_RagTag,936367,936443,+,tRNAscan-SE 2.0.13
wCchiA,scaffold,tRNA-Arg,NC_002978.6_RagTag,952413,952489,+,tRNAscan-SE 2.0.13
wCchiA,scaffold,tRNA-Arg,NC_002978.6_RagTag,994005,994082,+,tRNAscan-SE 2.0.13
wCchiA,scaffold,tRNA-Glu,NC_002978.6_RagTag,1148100,1148171,+,tRNAscan-SE 2.0.13
wCchiA,scaffold,tRNA-Pro,NC_002978.6_RagTag,1149096,1149169,+,tRNAscan-SE 2.0.13
wCchiA,scaffold,tRNA-Val,NC_002978.6_RagTag,1155887,1155959,+,tRNAscan-SE 2.0.13
wCchiA,scaffold,tRNA-Thr,NC_002978.6_RagTag,1246033,1246105,+,tRNAscan-SE 2.0.13
wCchiA,scaffold,tRNA-Val,NC_002978.6_RagTag,1356433,1356361,-,tRNAscan-SE 2.0.13
wCchiA,scaffold,tRNA-fMet,NC_002978.6_RagTag,1308966,1308890,-,tRNAscan-SE 2.0.13
wCchiA,scaffold,tRNA-Thr,NC_002978.6_RagTag,1307213,1307141,-,tRNAscan-SE 2.0.13
wCchiA,scaffold,tRNA-Arg,NC_002978.6_RagTag,1283149,1283076,-,tRNAscan-SE 2.0.13
wCchiA,scaffold,tRNA-Cys,NC_002978.6_RagTag,1122800,1122729,-,tRNAscan-SE 2.0.13
wCchiA,scaffold,tRNA-Ser,NC_002978.6_RagTag,1100171,1100081,-,tRNAscan-SE 2.0.13
wCchiA,scaffold,tRNA-Leu,NC_002978.6_RagTag,1036540,1036453,-,tRNAscan-SE 2.0.13
wCchiA,scaffold,tRNA-Trp,NC_002978.6_RagTag,1022017,1021945,-,tRNAscan-SE 2.0.13
wCchiA,scaffold,tRNA-His,NC_002978.6_RagTag,809215,809140,-,tRNAscan-SE 2.0.13
wCchiA,scaffold,tRNA-Ala,NC_002978.6_RagTag,776563,776488,-,tRNAscan-SE 2.0.13
wCchiA,scaffold,tRNA-Gly,NC_002978.6_RagTag,668704,668632,-,tRNAscan-SE 2.0.13
wCchiA,scaffold,tRNA-Gln,NC_002978.6_RagTag,638305,638231,-,tRNAscan-SE 2.0.13
wCchiA,scaffold,tRNA-Arg,NC_002978.6_RagTag,611247,611174,-,tRNAscan-SE 2.0.13
wCchiA,scaffold,tRNA-Met,NC_002978.6_RagTag,598846,598774,-,tRNAscan-SE 2.0.13
wCchiA,scaffold,tRNA-Tyr,NC_002978.6_RagTag,420668,420586,-,tRNAscan-SE 2.0.13
wCchiA,scaffold,tRNA-Gly,NC_002978.6_RagTag,420581,420511,-,tRNAscan-SE 2.0.13
wCchiA,scaffold,tRNA-Asp,NC_002978.6_RagTag,322334,322258,-,tRNAscan-SE 2.0.13
wCchiA,scaffold,tRNA-Tyr,NC_002978.6_RagTag,231143,231085,-,tRNAscan-SE 2.0.13
wCchiB,scaffold,5S_rRNA,NC_010981.1_RagTag,138997,139103,-,barrnap 1.10.5
wCchiB,scaffold,23S_rRNA,NC_010981.1_RagTag,139171,141935,-,barrnap 1.10.5
wCchiB,scaffold,16S_rRNA,NC_010981.1_RagTag,897955,899458,+,barrnap 1.10.5
wCchiB,scaffold,tRNA-Asp,NC_010981.1_RagTag,81209,81285,+,tRNAscan-SE 2.0.13
wCchiB,scaffold,tRNA-Ile2,NC_010981.1_RagTag,168818,168894,+,tRNAscan-SE 2.0.13
wCchiB,scaffold,tRNA-His,NC_010981.1_RagTag,205938,206013,+,tRNAscan-SE 2.0.13
wCchiB,scaffold,tRNA-Asn,NC_010981.1_RagTag,237882,237953,+,tRNAscan-SE 2.0.13
wCchiB,scaffold,tRNA-Leu,NC_010981.1_RagTag,271957,272038,+,tRNAscan-SE 2.0.13
wCchiB,scaffold,tRNA-Ser,NC_010981.1_RagTag,341357,341447,+,tRNAscan-SE 2.0.13
wCchiB,scaffold,tRNA-Thr,NC_010981.1_RagTag,404765,404837,+,tRNAscan-SE 2.0.13
wCchiB,scaffold,tRNA-Ala,NC_010981.1_RagTag,442923,442998,+,tRNAscan-SE 2.0.13
wCchiB,scaffold,tRNA-Leu,NC_010981.1_RagTag,738364,738448,+,tRNAscan-SE 2.0.13
wCchiB,scaffold,tRNA-fMet,NC_010981.1_RagTag,782363,782439,+,tRNAscan-SE 2.0.13
wCchiB,scaffold,tRNA-Cys,NC_010981.1_RagTag,914985,915056,+,tRNAscan-SE 2.0.13
wCchiB,scaffold,tRNA-Leu,NC_010981.1_RagTag,1108993,1109075,+,tRNAscan-SE 2.0.13
wCchiB,scaffold,tRNA-Arg,NC_010981.1_RagTag,1316358,1316435,+,tRNAscan-SE 2.0.13
wCchiB,scaffold,tRNA-Leu,NC_010981.1_RagTag,1325895,1325981,+,tRNAscan-SE 2.0.13
wCchiB,scaffold,tRNA-Arg,NC_010981.1_RagTag,1277434,1277361,-,tRNAscan-SE 2.0.13
wCchiB,scaffold,tRNA-Thr,NC_010981.1_RagTag,1134599,1134527,-,tRNAscan-SE 2.0.13
wCchiB,scaffold,tRNA-Arg,NC_010981.1_RagTag,847834,847761,-,tRNAscan-SE 2.0.13
wCchiB,scaffold,tRNA-Glu,NC_010981.1_RagTag,818461,818390,-,tRNAscan-SE 2.0.13
wCchiB,scaffold,tRNA-Pro,NC_010981.1_RagTag,817539,817466,-,tRNAscan-SE 2.0.13
wCchiB,scaffold,tRNA-Val,NC_010981.1_RagTag,808650,808578,-,tRNAscan-SE 2.0.13
wCchiB,scaffold,tRNA-Val,NC_010981.1_RagTag,633865,633793,-,tRNAscan-SE 2.0.13
wCchiB,scaffold,tRNA-Lys,NC_010981.1_RagTag,442623,442551,-,tRNAscan-SE 2.0.13
wCchiB,scaffold,tRNA-Ser,NC_010981.1_RagTag,436583,436499,-,tRNAscan-SE 2.0.13
wCchiB,scaffold,tRNA-Arg,NC_010981.1_RagTag,323243,323170,-,tRNAscan-SE 2.0.13
wCchiB,scaffold,tRNA-Trp,NC_010981.1_RagTag,263782,263710,-,tRNAscan-SE 2.0.13
wCchiB,scaffold,tRNA-Met,NC_010981.1_RagTag,185282,185211,-,tRNAscan-SE 2.0.13
wCchiB,scaffold,tRNA-Gln,NC_010981.1_RagTag,184267,184196,-,tRNAscan-SE 2.0.13
wCchiB,scaffold,tRNA-Gly,NC_010981.1_RagTag,167600,167528,-,tRNAscan-SE 2.0.13
wCchiB,scaffold,tRNA-Ile,NC_010981.1_RagTag,148314,148238,-,tRNAscan-SE 2.0.13
wCchiB,scaffold,tRNA-Tyr,NC_010981.1_RagTag,124534,124453,-,tRNAscan-SE 2.0.13
wCchiB,scaffold,tRNA-Gly,NC_010981.1_RagTag,124448,124378,-,tRNAscan-SE 2.0.13
wCchiB,scaffold,tRNA-Leu,NC_010981.1_RagTag,69946,69859,-,tRNAscan-SE 2.0.13
wCchiA,contigs,16S_rRNA,wCchiA_contig_06,460593,462097,-,barrnap 1.10.5
wCchiA,contigs,5S_rRNA,wCchiA_contig_07,42437,42543,-,barrnap 1.10.5
wCchiA,contigs,23S_rRNA,wCchiA_contig_07,42610,45375,-,barrnap 1.10.5
wCchiA,contigs,tRNA-Leu,wCchiA_contig_02,33922,34003,+,tRNAscan-SE 2.0.13
wCchiA,contigs,tRNA-Leu,wCchiA_contig_02,80162,80244,+,tRNAscan-SE 2.0.13
wCchiA,contigs,tRNA-Leu,wCchiA_contig_02,113397,113483,+,tRNAscan-SE 2.0.13
wCchiA,contigs,tRNA-Tyr,wCchiA_contig_02,123578,123520,-,tRNAscan-SE 2.0.13
wCchiA,contigs,tRNA-Phe,wCchiA_contig_03,7482,7554,+,tRNAscan-SE 2.0.13
wCchiA,contigs,tRNA-Asp,wCchiA_contig_03,1831,1755,-,tRNAscan-SE 2.0.13
wCchiA,contigs,tRNA-Ser,wCchiA_contig_05,201694,201780,+,tRNAscan-SE 2.0.13
wCchiA,contigs,tRNA-Ile2,wCchiA_contig_05,306688,306764,+,tRNAscan-SE 2.0.13
wCchiA,contigs,tRNA-Gly,wCchiA_contig_05,305411,305339,-,tRNAscan-SE 2.0.13
wCchiA,contigs,tRNA-Gln,wCchiA_contig_05,275012,274938,-,tRNAscan-SE 2.0.13
wCchiA,contigs,tRNA-Arg,wCchiA_contig_05,247954,247881,-,tRNAscan-SE 2.0.13
wCchiA,contigs,tRNA-Met,wCchiA_contig_05,235553,235481,-,tRNAscan-SE 2.0.13
wCchiA,contigs,tRNA-Tyr,wCchiA_contig_05,57375,57293,-,tRNAscan-SE 2.0.13
wCchiA,contigs,tRNA-Gly,wCchiA_contig_05,57288,57218,-,tRNAscan-SE 2.0.13
wCchiA,contigs,tRNA-Asn,wCchiA_contig_06,37711,37782,+,tRNAscan-SE 2.0.13
wCchiA,contigs,tRNA-Lys,wCchiA_contig_06,100235,100307,+,tRNAscan-SE 2.0.13
wCchiA,contigs,tRNA-Ser,wCchiA_contig_06,106459,106546,+,tRNAscan-SE 2.0.13
wCchiA,contigs,tRNA-Leu,wCchiA_contig_06,118788,118872,+,tRNAscan-SE 2.0.13
wCchiA,contigs,tRNA-Val,wCchiA_contig_06,165638,165710,+,tRNAscan-SE 2.0.13
wCchiA,contigs,tRNA-Ile,wCchiA_contig_06,259711,259787,+,tRNAscan-SE 2.0.13
wCchiA,contigs,tRNA-Arg,wCchiA_contig_06,275757,275833,+,tRNAscan-SE 2.0.13
wCchiA,contigs,tRNA-Arg,wCchiA_contig_06,317349,317426,+,tRNAscan-SE 2.0.13
wCchiA,contigs,tRNA-Glu,wCchiA_contig_06,471444,471515,+,tRNAscan-SE 2.0.13
wCchiA,contigs,tRNA-Pro,wCchiA_contig_06,472440,472513,+,tRNAscan-SE 2.0.13
wCchiA,contigs,tRNA-Val,wCchiA_contig_06,479231,479303,+,tRNAscan-SE 2.0.13
wCchiA,contigs,tRNA-Cys,wCchiA_contig_06,446144,446073,-,tRNAscan-SE 2.0.13
wCchiA,contigs,tRNA-Ser,wCchiA_contig_06,423515,423425,-,tRNAscan-SE 2.0.13
wCchiA,contigs,tRNA-Leu,wCchiA_contig_06,359884,359797,-,tRNAscan-SE 2.0.13
wCchiA,contigs,tRNA-Trp,wCchiA_contig_06,345361,345289,-,tRNAscan-SE 2.0.13
wCchiA,contigs,tRNA-His,wCchiA_contig_06,132559,132484,-,tRNAscan-SE 2.0.13
wCchiA,contigs,tRNA-Ala,wCchiA_contig_06,99907,99832,-,tRNAscan-SE 2.0.13
wCchiA,contigs,tRNA-Thr,wCchiA_contig_07,71749,71821,+,tRNAscan-SE 2.0.13
wCchiA,contigs,tRNA-fMet,wCchiA_contig_07,134682,134606,-,tRNAscan-SE 2.0.13
wCchiA,contigs,tRNA-Thr,wCchiA_contig_07,132929,132857,-,tRNAscan-SE 2.0.13
wCchiA,contigs,tRNA-Arg,wCchiA_contig_07,108865,108792,-,tRNAscan-SE 2.0.13
wCchiA,contigs,tRNA-Val,wCchiA_contig_08,21369,21297,-,tRNAscan-SE 2.0.13
wCchiB,contigs,5S_rRNA,wCchiB_contig_10,111216,111322,-,barrnap 1.10.5
wCchiB,contigs,23S_rRNA,wCchiB_contig_10,111390,114154,-,barrnap 1.10.5
wCchiB,contigs,16S_rRNA,wCchiB_contig_10,870174,871677,+,barrnap 1.10.5
wCchiB,contigs,tRNA-Asp,wCchiB_contig_10,53428,53504,+,tRNAscan-SE 2.0.13
wCchiB,contigs,tRNA-Ile2,wCchiB_contig_10,141037,141113,+,tRNAscan-SE 2.0.13
wCchiB,contigs,tRNA-His,wCchiB_contig_10,178157,178232,+,tRNAscan-SE 2.0.13
wCchiB,contigs,tRNA-Asn,wCchiB_contig_10,210101,210172,+,tRNAscan-SE 2.0.13
wCchiB,contigs,tRNA-Leu,wCchiB_contig_10,244176,244257,+,tRNAscan-SE 2.0.13
wCchiB,contigs,tRNA-Ser,wCchiB_contig_10,313576,313666,+,tRNAscan-SE 2.0.13
wCchiB,contigs,tRNA-Thr,wCchiB_contig_10,376984,377056,+,tRNAscan-SE 2.0.13
wCchiB,contigs,tRNA-Ala,wCchiB_contig_10,415142,415217,+,tRNAscan-SE 2.0.13
wCchiB,contigs,tRNA-Leu,wCchiB_contig_10,710583,710667,+,tRNAscan-SE 2.0.13
wCchiB,contigs,tRNA-fMet,wCchiB_contig_10,754582,754658,+,tRNAscan-SE 2.0.13
wCchiB,contigs,tRNA-Cys,wCchiB_contig_10,887204,887275,+,tRNAscan-SE 2.0.13
wCchiB,contigs,tRNA-Leu,wCchiB_contig_10,1081212,1081294,+,tRNAscan-SE 2.0.13
wCchiB,contigs,tRNA-Arg,wCchiB_contig_10,1288577,1288654,+,tRNAscan-SE 2.0.13
wCchiB,contigs,tRNA-Leu,wCchiB_contig_10,1298114,1298200,+,tRNAscan-SE 2.0.13
wCchiB,contigs,tRNA-Arg,wCchiB_contig_10,1249653,1249580,-,tRNAscan-SE 2.0.13
wCchiB,contigs,tRNA-Thr,wCchiB_contig_10,1106818,1106746,-,tRNAscan-SE 2.0.13
wCchiB,contigs,tRNA-Arg,wCchiB_contig_10,820053,819980,-,tRNAscan-SE 2.0.13
wCchiB,contigs,tRNA-Glu,wCchiB_contig_10,790680,790609,-,tRNAscan-SE 2.0.13
wCchiB,contigs,tRNA-Pro,wCchiB_contig_10,789758,789685,-,tRNAscan-SE 2.0.13
wCchiB,contigs,tRNA-Val,wCchiB_contig_10,780869,780797,-,tRNAscan-SE 2.0.13
wCchiB,contigs,tRNA-Val,wCchiB_contig_10,606084,606012,-,tRNAscan-SE 2.0.13
wCchiB,contigs,tRNA-Lys,wCchiB_contig_10,414842,414770,-,tRNAscan-SE 2.0.13
wCchiB,contigs,tRNA-Ser,wCchiB_contig_10,408802,408718,-,tRNAscan-SE 2.0.13
wCchiB,contigs,tRNA-Arg,wCchiB_contig_10,295462,295389,-,tRNAscan-SE 2.0.13
wCchiB,contigs,tRNA-Trp,wCchiB_contig_10,236001,235929,-,tRNAscan-SE 2.0.13
wCchiB,contigs,tRNA-Met,wCchiB_contig_10,157501,157430,-,tRNAscan-SE 2.0.13
wCchiB,contigs,tRNA-Gln,wCchiB_contig_10,156486,156415,-,tRNAscan-SE 2.0.13
wCchiB,contigs,tRNA-Gly,wCchiB_contig_10,139819,139747,-,tRNAscan-SE 2.0.13
wCchiB,contigs,tRNA-Ile,wCchiB_contig_10,120533,120457,-,tRNAscan-SE 2.0.13
wCchiB,contigs,tRNA-Tyr,wCchiB_contig_10,96753,96672,-,tRNAscan-SE 2.0.13
wCchiB,contigs,tRNA-Gly,wCchiB_contig_10,96667,96597,-,tRNAscan-SE 2.0.13
wCchiB,contigs,tRNA-Leu,wCchiB_contig_10,42165,42078,-,tRNAscan-SE 2.0.13
