sample,biosample_accession,locality,host_plant,platform,sequencing_provider,flowcell_id,flowcell_lane,collection_date,latitude,longitude,filtered_reads,filtered_bases,parasitoid_read_fraction,parasitoid_reads,parasitoid_call,parasitoid_taxon,best_match_parasitoid_reference,best_match_dominance_fraction,taxon_evidence,wolbachia_rpm,wolbachia_breadth,expected_breadth,coverage_uniformity_U,wolbachia_call_two_primary_criteria,wolbachia_call_final,note
AQ_R_1,SAMN63091504,AQ,rice,MGI,OneMore,E250076710,1.0,2024-12,30.37201871,117.056864,142979408,21155866660,0.002801,1632,0,,,,,29.18,0.0005,0.001844,0.271201,0.0,0.0,
AQ_R_10,SAMN63091505,AQ,rice,MGI,OneMore,E250076710,1.0,2024-12,30.37201871,117.056864,116616910,17236660368,0.001954,960,0,,,,,65.14,0.0008,0.003876,0.206389,0.0,0.0,
AQ_R_11,SAMN63091506,AQ,rice,MGI,OneMore,E250076710,1.0,2024-12,30.37201871,117.056864,129568730,19159239898,0.012197,6133,0,,,,,103.41,0.0032,0.005628,0.568602,0.0,0.0,
AQ_R_12,SAMN63091507,AQ,rice,MGI,OneMore,E250076710,1.0,2024-12,30.37201871,117.056864,150348020,22254637412,0.931101,10392566,1,Cotesia (Braconidae),Cotesia_flavipes,0.96358,panel assignment only,1741.33,0.7146,0.878702,0.813245,1.0,1.0,
AQ_R_13,SAMN63091508,AQ,rice,MGI,OneMore,E250076717,1.0,2024-12,30.37201871,117.056864,21568364,3175829148,0.950042,2193108,1,Cotesia (Braconidae),Cotesia_flavipes,0.96296,panel assignment only,1836.31,0.2802,0.368769,0.759825,1.0,1.0,
AQ_R_14,SAMN63091509,AQ,rice,MGI,OneMore,E250076710,1.0,2024-12,30.37201871,117.056864,138126254,20430826444,0.003268,5900,0,,,,,163.39,0.0031,0.035168,0.088147,0.0,0.0,
AQ_R_15,SAMN63091510,AQ,rice,MGI,OneMore,E250076710,1.0,2024-12,30.37201871,117.056864,135417280,20040566564,0.003567,2608,0,,,,,87.53,0.0017,0.007737,0.219728,0.0,0.0,
AQ_R_2,SAMN63091511,AQ,rice,MGI,OneMore,E250076717,1.0,2024-12,30.37201871,117.056864,19030064,2820320532,0.924102,1411065,1,Cotesia (Braconidae),Cotesia_flavipes,0.96154,panel assignment only,714.49,0.1009,0.124013,0.813623,1.0,1.0,
AQ_R_3,SAMN63091512,AQ,rice,MGI,OneMore,E250076710,1.0,2024-12,30.37201871,117.056864,140008364,20714892224,0.009784,5804,0,,,,,259.6,0.0116,0.016575,0.699835,0.0,0.0,"censored: RPM criterion met, expected breadth uninformative, parasitoid-negative"
AQ_R_4,SAMN63091513,AQ,rice,MGI,OneMore,E250076710,1.0,2024-12,30.37201871,117.056864,116744502,17295335786,0.004302,1919,0,,,,,69.5,0.0009,0.002873,0.313216,0.0,0.0,
AQ_R_5,SAMN63091514,AQ,rice,MGI,OneMore,E250076710,1.0,2024-12,30.37201871,117.056864,150730760,22269105682,0.011061,7523,0,,,,,54.4,0.0012,0.00448,0.267856,0.0,0.0,
AQ_R_6,SAMN63091515,AQ,rice,MGI,OneMore,E250076710,1.0,2024-12,30.37201871,117.056864,138069580,20373309304,0.907503,8910688,1,Cotesia (Braconidae),Cotesia_flavipes,0.95568,panel assignment only,620.54,0.4246,0.522626,0.812436,1.0,1.0,
AQ_R_7,SAMN63091516,AQ,rice,MGI,OneMore,E250076717,1.0,2024-12,30.37201871,117.056864,18297750,2707408604,0.000959,80,0,,,,,59.91,0.0004,0.000464,0.86216,0.0,0.0,
AQ_R_8,SAMN63091517,AQ,rice,MGI,OneMore,E250076710,1.0,2024-12,30.37201871,117.056864,123069506,18111917546,0.965919,23840434,1,Cotesia (Braconidae),Cotesia_flavipes,0.96161,de novo confirmed Cotesia,3022.86,0.8769,0.999696,0.877167,1.0,1.0,
AQ_R_9,SAMN63091518,AQ,rice,MGI,OneMore,E250076710,1.0,2024-12,30.37201871,117.056864,135494572,20040082102,0.747783,8068361,1,Cotesia (Braconidae),Cotesia_flavipes,0.92692,panel assignment only,5478.46,0.8695,0.998364,0.870925,1.0,1.0,
AQ_W_1,SAMN63091519,AQ,wateroat,MGI,OneMore,E250076708,1.0,2024-12,30.36663,117.07068578,121848186,17994834226,0.874665,3130708,1,Cotesia (Braconidae),Cotesia_flavipes,0.94187,panel assignment only,515.46,0.1474,0.181473,0.812243,1.0,1.0,
AQ_W_10,SAMN63091520,AQ,wateroat,MGI,OneMore,E250076710,1.0,2024-12,30.36663,117.07068578,157541520,23285699672,0.002032,1216,0,,,,,25.07,0.0004,0.001819,0.219941,0.0,0.0,
AQ_W_11,SAMN63091521,AQ,wateroat,MGI,OneMore,E250076717,1.0,2024-12,30.36663,117.07068578,23703014,3506357822,0.001619,203,0,,,,,0.0,0.0,,,0.0,0.0,no Wolbachia reads; coverage uniformity undefined
AQ_W_12,SAMN63091522,AQ,wateroat,MGI,OneMore,E250076710,1.0,2024-12,30.36663,117.07068578,123574628,18281601476,0.002052,922,0,,,,,46.73,0.0005,0.002545,0.196457,0.0,0.0,
AQ_W_13,SAMN63091523,AQ,wateroat,MGI,OneMore,E250076710,1.0,2024-12,30.36663,117.07068578,121392676,17957016190,0.001791,1190,0,,,,,64.73,0.0011,0.004656,0.236235,0.0,0.0,
AQ_W_14,SAMN63091524,AQ,wateroat,MGI,OneMore,E250076710,1.0,2024-12,30.36663,117.07068578,131636698,19483236652,0.001623,841,0,,,,,15.44,0.0003,0.00097,0.309171,0.0,0.0,
AQ_W_15,SAMN63091525,AQ,wateroat,MGI,OneMore,E250076710,1.0,2024-12,30.36663,117.07068578,121536588,17995261796,0.002026,980,0,,,,,47.56,0.0005,0.002788,0.179367,0.0,0.0,
AQ_W_2,SAMN63091526,AQ,wateroat,MGI,OneMore,E250076710,1.0,2024-12,30.36663,117.07068578,168793714,24888605350,0.00189,1226,0,,,,,43.16,0.0005,0.003035,0.164759,0.0,0.0,
AQ_W_3,SAMN63091527,AQ,wateroat,MGI,OneMore,E250076710,1.0,2024-12,30.36663,117.07068578,124792068,18446195746,0.001512,745,0,,,,,38.56,0.0005,0.002303,0.217084,0.0,0.0,
AQ_W_4,SAMN63091528,AQ,wateroat,MGI,OneMore,E250076710,1.0,2024-12,30.36663,117.07068578,141936300,20839389458,0.000896,757,0,,,,,40.24,0.0009,0.003683,0.244356,0.0,0.0,
AQ_W_5,SAMN63091529,AQ,wateroat,MGI,OneMore,E250076710,1.0,2024-12,30.36663,117.07068578,120733072,17762156150,0.001102,629,0,,,,,52.57,0.0011,0.003251,0.338376,0.0,0.0,
AQ_W_6,SAMN63091530,AQ,wateroat,MGI,OneMore,E250076710,1.0,2024-12,30.36663,117.07068578,159000378,23368378760,0.001831,1297,0,,,,,56.47,0.0009,0.0038,0.236867,0.0,0.0,
AQ_W_7,SAMN63091531,AQ,wateroat,MGI,OneMore,E250076710,1.0,2024-12,30.36663,117.07068578,121383762,17957224300,0.001813,945,0,,,,,51.81,0.0007,0.002566,0.272757,0.0,0.0,
AQ_W_8,SAMN63091532,AQ,wateroat,MGI,OneMore,E250076717,1.0,2024-12,30.36663,117.07068578,16946332,2507708644,0.002183,161,0,,,,,54.23,0.0002,0.000434,0.460801,0.0,0.0,
AQ_W_9,SAMN63091533,AQ,wateroat,MGI,OneMore,E250076710,1.0,2024-12,30.36663,117.07068578,144016626,21281036078,0.001652,971,0,,,,,66.35,0.0007,0.004224,0.165709,0.0,0.0,
CD_R_1,SAMN63091534,CD,rice,MGI,OneMore,E250076708,1.0,2024-12,28.954181,111.775299,134166496,19288082168,0.013171,7669,0,,,,,79.0,0.0032,0.00498,0.642556,0.0,0.0,
CD_R_10,SAMN63091535,CD,rice,MGI,OneMore,E250076708,1.0,2024-12,28.954181,111.775299,143330956,20919426750,0.952441,18944646,1,Cotesia (Braconidae),Cotesia_flavipes,0.94969,panel assignment only,1276.58,0.7519,0.954114,0.788061,1.0,1.0,
CD_R_2,SAMN63091536,CD,rice,MGI,OneMore,E250076708,1.0,2024-12,28.954181,111.775299,118034212,17238841952,0.898622,6724651,1,Cotesia (Braconidae),Cotesia_flavipes,0.84058,panel assignment only,1479.96,0.503,0.699418,0.71917,1.0,1.0,
CD_R_3,SAMN63091537,CD,rice,MGI,OneMore,E250076708,1.0,2024-12,28.954181,111.775299,145587162,21009914650,0.86797,8703872,1,Cotesia (Braconidae),Cotesia_flavipes,0.95976,panel assignment only,3559.79,0.8017,0.979234,0.818702,1.0,1.0,
CD_R_4,SAMN63091538,CD,rice,MGI,OneMore,E250076708,1.0,2024-12,28.954181,111.775299,142592160,20564810942,0.052955,34008,0,,,,,104.33,0.0052,0.008098,0.642109,0.0,0.0,
CD_R_5,SAMN63091539,CD,rice,MGI,OneMore,E250076708,1.0,2024-12,28.954181,111.775299,134460992,19358271156,0.905783,10353000,1,Cotesia (Braconidae),Cotesia_flavipes,0.9312,panel assignment only,1586.1,0.6741,0.889213,0.758086,1.0,1.0,
CD_R_6,SAMN63091540,CD,rice,MGI,OneMore,E250076708,1.0,2024-12,28.954181,111.775299,136259094,19997632026,0.921694,6707421,1,Cotesia (Braconidae),Cotesia_flavipes,0.82895,panel assignment only,1311.07,0.4629,0.644967,0.717712,1.0,1.0,
CD_R_7,SAMN63091541,CD,rice,MGI,OneMore,E250076708,1.0,2024-12,28.954181,111.775299,137709714,20006701308,0.00279,3116,0,,,,,142.39,0.001,0.01711,0.058446,0.0,0.0,
CD_R_8,SAMN63091542,CD,rice,MGI,OneMore,E250076708,1.0,2024-12,28.954181,111.775299,130929416,19157042884,0.918341,10894931,1,Cotesia (Braconidae),Cotesia_flavipes,0.83575,panel assignment only,2570.61,0.7677,0.963485,0.796795,1.0,1.0,
CD_R_9,SAMN63091543,CD,rice,MGI,OneMore,E250076708,1.0,2024-12,28.954181,111.775299,115856830,16714061932,0.012451,10511,0,,,,,94.77,0.0016,0.008646,0.185064,0.0,0.0,
CD_W_1,SAMN63091544,CD,wateroat,MGI,OneMore,E250076708,1.0,2024-12,28.884782,111.93244,140880614,20740553496,0.910083,7842834,1,Cotesia (Braconidae),Cotesia_flavipes,0.84642,panel assignment only,3374.21,0.7897,0.957404,0.824834,1.0,1.0,
CD_W_10,SAMN63091545,CD,wateroat,MGI,OneMore,E250076708,1.0,2024-12,28.884782,111.93244,158416302,23268100274,0.002168,18326,0,,,,,3.31,0.0011,0.003033,0.36273,0.0,0.0,
CD_W_2,SAMN63091546,CD,wateroat,MGI,OneMore,E250076708,1.0,2024-12,28.884782,111.93244,114659442,16963411320,0.003504,2487,0,,,,,49.31,0.0012,0.004239,0.28309,0.0,0.0,
CD_W_3,SAMN63091547,CD,wateroat,MGI,OneMore,E250076717,1.0,2024-12,28.884782,111.93244,25518726,3797220470,0.001074,144,0,,,,,22.37,0.0001,0.000326,0.307127,0.0,0.0,
CD_W_4,SAMN63091548,CD,wateroat,MGI,OneMore,E250076708,1.0,2024-12,28.884782,111.93244,117017288,17334637072,0.010636,4009,0,,,,,103.46,0.0028,0.004224,0.662916,0.0,0.0,
CD_W_5,SAMN63091549,CD,wateroat,MGI,OneMore,E250076708,1.0,2024-12,28.884782,111.93244,131118284,19328439950,0.004477,2440,0,,,,,77.07,0.0019,0.004548,0.417737,0.0,0.0,
CD_W_6,SAMN63091550,CD,wateroat,MGI,OneMore,E250076708,1.0,2024-12,28.884782,111.93244,165640166,24303523144,0.004576,3015,0,,,,,34.91,0.0012,0.002493,0.481322,0.0,0.0,
CD_W_7,SAMN63091551,CD,wateroat,MGI,OneMore,E250076708,1.0,2024-12,28.884782,111.93244,169910006,25001822188,0.005169,3340,0,,,,,38.69,0.0014,0.00271,0.516682,0.0,0.0,
CD_W_8,SAMN63091552,CD,wateroat,MGI,OneMore,E250076717,1.0,2024-12,28.884782,111.93244,71880724,10618967436,0.006585,5496,0,,,,,75.48,0.0039,0.006814,0.572343,0.0,0.0,
CD_W_9,SAMN63091553,CD,wateroat,MGI,OneMore,E250076708,1.0,2024-12,28.884782,111.93244,159451514,23413637482,0.001532,3877,0,,,,,126.04,0.0015,0.029903,0.050162,0.0,0.0,
HC_R_1,SAMN63091564,HC,rice,MGI,Sangon,E100073775,1.0,2019-03-22,30.690481,113.875909,126336870,18831773542,0.000559,898,0,,,,,54.14,0.001,0.010502,0.095218,0.0,0.0,
HC_R_10,SAMN63091565,HC,rice,MGI,Sangon,E100073775,1.0,2019-03-22,30.690481,113.875909,61093478,9108748224,0.000517,406,0,,,,,69.98,0.0009,0.006652,0.13529,0.0,0.0,
HC_R_2,SAMN63091566,HC,rice,MGI,Sangon,E100073775,1.0,2019-03-22,30.690481,113.875909,44189994,6618145806,0.000666,160,0,,,,,54.13,0.0003,0.001577,0.190286,0.0,0.0,
HC_R_3,SAMN63091567,HC,rice,MGI,Sangon,E100073775,1.0,2019-03-22,30.690481,113.875909,63301026,9468740522,0.000639,288,0,,,,,39.94,0.0004,0.001952,0.204922,0.0,0.0,
HC_R_4,SAMN63091568,HC,rice,MGI,Sangon,E100073775,1.0,2019-03-22,30.690481,113.875909,43271584,6481433244,0.000761,131,0,,,,,11.62,0.0001,0.000217,0.46058,0.0,0.0,
HC_R_5,SAMN63091569,HC,rice,MGI,Sangon,E100073775,1.0,2019-03-22,30.690481,113.875909,50560814,7573912846,0.000995,146,0,,,,,0.0,0.0,,,0.0,0.0,no Wolbachia reads; coverage uniformity undefined
HC_R_6,SAMN63091570,HC,rice,MGI,Sangon,E100073775,1.0,2019-03-22,30.690481,113.875909,46685400,6993467686,0.00087,188,0,,,,,27.77,0.0004,0.000651,0.614471,0.0,0.0,
HC_R_7,SAMN63091571,HC,rice,MGI,Sangon,E100073775,1.0,2019-03-22,30.690481,113.875909,96044390,14251897436,0.000172,1363,0,,,,,136.77,0.0033,0.123162,0.026794,0.0,0.0,
HC_R_8,SAMN63091572,HC,rice,MGI,Sangon,E100073775,1.0,2019-03-22,30.690481,113.875909,66648008,9916047818,5.6e-05,404,0,,,,,74.09,0.0019,0.063206,0.03006,0.0,0.0,
HC_R_9,SAMN63091573,HC,rice,MGI,Sangon,E100073775,1.0,2019-03-22,30.690481,113.875909,69336118,10350594322,0.000226,373,0,,,,,9.69,0.0005,0.001736,0.288057,0.0,0.0,
HC_W_1,SAMN63091574,HC,wateroat,MGI,Sangon,E100073775,1.0,2019-03-22,30.663412,113.790049,117707588,17528499326,0.002861,14297,0,,,,,21.61,0.0011,0.013021,0.084479,0.0,0.0,
HC_W_10,SAMN63091575,HC,wateroat,MGI,Sangon,E100073775,1.0,2019-03-22,30.663412,113.790049,92861854,13876297168,0.000452,341,0,,,,,46.39,0.0004,0.003244,0.123323,0.0,0.0,
HC_W_2,SAMN63091576,HC,wateroat,MGI,Sangon,E100073775,1.0,2019-03-22,30.663412,113.790049,66678456,9899220544,0.00019,942,0,,,,,74.64,0.0012,0.043911,0.027328,0.0,0.0,
HC_W_3,SAMN63091577,HC,wateroat,MGI,Sangon,E100073775,1.0,2019-03-22,30.663412,113.790049,48342834,7207657068,0.00019,1118,0,,,,,83.15,0.0034,0.051793,0.065646,0.0,0.0,
HC_W_4,SAMN63091578,HC,wateroat,MGI,Sangon,E100073775,1.0,2019-03-22,30.663412,113.790049,81948516,12215264006,0.00033,824,0,,,,,61.31,0.0011,0.018398,0.059789,0.0,0.0,
HC_W_5,SAMN63091579,HC,wateroat,MGI,Sangon,E100073775,1.0,2019-03-22,30.663412,113.790049,35350092,5275728226,0.000126,1359,0,,,,,74.54,0.0016,0.092632,0.017273,0.0,0.0,
HC_W_6,SAMN63091580,HC,wateroat,MGI,Sangon,E100073775,1.0,2019-03-22,30.663412,113.790049,68224304,10168447376,9.9e-05,724,0,,,,,73.65,0.0018,0.063547,0.028325,0.0,0.0,
HC_W_7,SAMN63091581,HC,wateroat,MGI,Sangon,E100073775,1.0,2019-03-22,30.663412,113.790049,77993876,11601366050,0.000134,494,0,,,,,30.76,0.0013,0.012191,0.106636,0.0,0.0,
HC_W_8,SAMN63091582,HC,wateroat,MGI,Sangon,E100073775,1.0,2019-03-22,30.663412,113.790049,92280468,13766606568,0.000444,296,0,,,,,45.01,0.0008,0.003634,0.22012,0.0,0.0,
HC_W_9,SAMN63091583,HC,wateroat,MGI,Sangon,E100073775,1.0,2019-03-22,30.663412,113.790049,57295646,8536762042,0.002442,43758,1,other,,,,278.07,0.1848,0.417737,0.442384,1.0,1.0,only non-Cotesia Wolbachia-positive library (Eupelmidae s.l.)
HC23_W_1,SAMN63091554,HC23,wateroat,Illumina,Majorbio,223FJFLT4,1.0,2023-03-19,30.663412,113.790049,67053938,9996192974,0.000586,137,0,,,,,12.82,0.0001,0.000325,0.307277,0.0,0.0,
HC23_W_10,SAMN63091555,HC23,wateroat,Illumina,Majorbio,223FJFLT4,1.0,2023-03-19,30.663412,113.790049,60180544,9034627407,0.002435,423,0,,,,,0.0,0.0,,,0.0,0.0,no Wolbachia reads; coverage uniformity undefined
HC23_W_2,SAMN63091556,HC23,wateroat,Illumina,Majorbio,223FJFLT4,1.0,2023-03-19,30.663412,113.790049,60795372,9155297448,0.001059,154,0,,,,,27.51,0.0002,0.000381,0.52551,0.0,0.0,
HC23_W_3,SAMN63091557,HC23,wateroat,Illumina,Majorbio,223FHFLT4,3.0,2023-03-19,30.663412,113.790049,56929980,8574424697,0.000748,109,0,,,,,0.0,0.0,,,0.0,0.0,no Wolbachia reads; coverage uniformity undefined
HC23_W_4,SAMN63091558,HC23,wateroat,Illumina,Majorbio,223FHFLT4,3.0,2023-03-19,30.663412,113.790049,57346480,8637212754,0.000875,126,0,,,,,0.0,0.0,,,0.0,0.0,no Wolbachia reads; coverage uniformity undefined
HC23_W_5,SAMN63091559,HC23,wateroat,Illumina,Majorbio,223FJFLT4,1.0,2023-03-19,30.663412,113.790049,54635718,8228709585,0.00059,80,0,,,,,0.0,0.0,,,0.0,0.0,no Wolbachia reads; coverage uniformity undefined
HC23_W_6,SAMN63091560,HC23,wateroat,Illumina,Majorbio,223FJFLT4,1.0,2023-03-19,30.663412,113.790049,58702678,8840593977,0.003666,516,0,,,,,28.42,0.0002,0.000434,0.46079,0.0,0.0,
HC23_W_7,SAMN63091561,HC23,wateroat,Illumina,Majorbio,223FJFLT4,1.0,2023-03-19,30.663412,113.790049,54698908,8238235431,0.000951,126,0,,,,,0.0,0.0,,,0.0,0.0,no Wolbachia reads; coverage uniformity undefined
HC23_W_8,SAMN63091562,HC23,wateroat,Illumina,Majorbio,223FJFLT4,1.0,2023-03-19,30.663412,113.790049,64831836,9756590872,0.001932,439,0,,,,,13.2,0.0001,0.000325,0.307228,0.0,0.0,
HC23_W_9,SAMN63091563,HC23,wateroat,Illumina,Majorbio,223FJFLT4,1.0,2023-03-19,30.663412,113.790049,58430430,8800911054,0.000513,65,0,,,,,0.0,0.0,,,0.0,0.0,no Wolbachia reads; coverage uniformity undefined
HH_R_1,SAMN63091584,HH,rice,Illumina,Majorbio,222YMKLT4,8.0,2023-03-23,29.927946,113.293981,58268116,8777868999,0.00135,186,0,,,,,36.28,0.0002,0.000607,0.329698,0.0,0.0,
HH_R_10,SAMN63091585,HH,rice,Illumina,Majorbio,223FJFLT4,1.0,2023-03-23,29.927946,113.293981,58426782,8797400205,0.001571,246,0,,,,,0.0,0.0,,,0.0,0.0,no Wolbachia reads; coverage uniformity undefined
HH_R_2,SAMN63091586,HH,rice,Illumina,Majorbio,222YMKLT4,8.0,2023-03-23,29.927946,113.293981,63355820,9544992658,0.000686,110,0,,,,,6.24,0.0001,0.000121,0.823887,0.0,0.0,
HH_R_3,SAMN63091587,HH,rice,Illumina,Majorbio,222YMKLT4,8.0,2023-03-23,29.927946,113.293981,59400970,8948542827,0.000766,120,0,,,,,19.15,0.0001,0.000285,0.350368,0.0,0.0,
HH_R_4,SAMN63091588,HH,rice,Illumina,Majorbio,222YMKLT4,8.0,2023-03-23,29.927946,113.293981,63115416,9508099246,0.000899,148,0,,,,,54.69,0.0002,0.000976,0.20486,0.0,0.0,
HH_R_5,SAMN63091589,HH,rice,Illumina,Majorbio,223FJFLT4,1.0,2023-03-23,29.927946,113.293981,60403628,9099496794,0.000638,90,0,,,,,7.09,0.0001,0.000109,0.921114,0.0,0.0,
HH_R_6,SAMN63091590,HH,rice,Illumina,Majorbio,223FJFLT4,1.0,2023-03-23,29.927946,113.293981,57394842,8646157994,0.000597,86,0,,,,,13.89,0.0001,0.000186,0.538667,0.0,0.0,
HH_R_7,SAMN63091591,HH,rice,Illumina,Majorbio,223FJFLT4,1.0,2023-03-23,29.927946,113.293981,53816460,8103983860,0.919771,1724754,1,Cotesia (Braconidae),Cotesia_flavipes,0.9877,panel assignment only,2542.13,0.326,0.403927,0.807077,1.0,1.0,
HH_R_8,SAMN63091592,HH,rice,Illumina,Majorbio,223FHFLT4,6.0,2023-03-23,29.927946,113.293981,62764940,9454596056,0.000927,170,0,,,,,10.91,0.0001,0.00019,0.525303,0.0,0.0,
HH_R_9,SAMN63091593,HH,rice,Illumina,Majorbio,223FHFLT4,3.0,2023-03-23,29.927946,113.293981,56990188,8582730244,0.000939,210,0,,,,,53.65,0.0003,0.001455,0.206138,0.0,0.0,
HH_W_1,SAMN63091594,HH,wateroat,Illumina,Majorbio,222YMKLT4,8.0,2023-03-23,29.916927,113.259486,83673630,12548546524,0.000839,208,0,,,,,0.0,0.0,,,0.0,0.0,no Wolbachia reads; coverage uniformity undefined
HH_W_10,SAMN63091595,HH,wateroat,Illumina,Majorbio,222YMKLT4,8.0,2023-03-23,29.916927,113.259486,53878268,8117400857,0.000753,118,0,,,,,25.54,0.0002,0.000485,0.412024,0.0,0.0,
HH_W_2,SAMN63091596,HH,wateroat,Illumina,Majorbio,222YMKLT4,8.0,2023-03-23,29.916927,113.259486,78667122,11756815684,0.008005,544136,1,Ichneumonidae (panel-outside),,,,0.63,0.0006,0.004637,0.129396,0.0,0.0,
HH_W_3,SAMN63091597,HH,wateroat,Illumina,Majorbio,222YMKLT4,8.0,2023-03-23,29.916927,113.259486,68022646,10238308610,0.007117,7503,1,Ichneumonidae (panel-outside),,,,2.85,0.0002,0.000326,0.613384,0.0,0.0,
HH_W_4,SAMN63091598,HH,wateroat,Illumina,Majorbio,222YMKLT4,8.0,2023-03-23,29.916927,113.259486,75489702,11309423395,0.000943,197,0,,,,,0.0,0.0,,,0.0,0.0,no Wolbachia reads; coverage uniformity undefined
HH_W_5,SAMN63091599,HH,wateroat,Illumina,Majorbio,222YMKLT4,8.0,2023-03-23,29.916927,113.259486,69688604,10451395493,0.008299,537595,1,Ichneumonidae (panel-outside),,,,0.86,0.0012,0.006738,0.178088,0.0,0.0,
HH_W_6,SAMN63091600,HH,wateroat,Illumina,Majorbio,222YMKLT4,8.0,2023-03-23,29.916927,113.259486,73818958,11118881591,0.000697,143,0,,,,,34.11,0.0003,0.000759,0.39502,0.0,0.0,
HH_W_7,SAMN63091601,HH,wateroat,Illumina,Majorbio,222YMKLT4,8.0,2023-03-23,29.916927,113.259486,59440484,8954324937,0.000596,105,0,,,,,17.04,0.0001,0.000364,0.274698,0.0,0.0,
HH_W_8,SAMN63091602,HH,wateroat,Illumina,Majorbio,222YMKLT4,8.0,2023-03-23,29.916927,113.259486,65192380,9822488682,0.00068,114,0,,,,,0.0,0.0,,,0.0,0.0,no Wolbachia reads; coverage uniformity undefined
HH_W_9,SAMN63091603,HH,wateroat,Illumina,Majorbio,222YMKLT4,8.0,2023-03-23,29.916927,113.259486,64271096,9681110614,0.000599,115,0,,,,,46.9,0.0002,0.000835,0.239507,0.0,0.0,
HR_R_1,SAMN63091604,HR,rice,MGI,OneMore,E250076717,1.0,2024-12,29.35615,112.625101,20556272,2978778828,0.002775,284,0,,,,,0.0,0.0,,,0.0,0.0,no Wolbachia reads; coverage uniformity undefined
HR_R_10,SAMN63091605,HR,rice,MGI,OneMore,E250076708,1.0,2024-12,29.35615,112.625101,138717874,19964171076,0.012283,8724,0,,,,,21.12,0.0009,0.001627,0.553263,0.0,0.0,
HR_R_2,SAMN63091606,HR,rice,MGI,OneMore,E250076708,1.0,2024-12,29.35615,112.625101,134801364,19212856100,0.900907,7279125,1,Cotesia (Braconidae),Cotesia_flavipes,0.93838,panel assignment only,923.66,0.4168,0.595746,0.699627,1.0,1.0,
HR_R_3,SAMN63091607,HR,rice,MGI,OneMore,E250076708,1.0,2024-12,29.35615,112.625101,138397372,19354491072,0.002314,1555,0,,,,,20.83,0.0005,0.001518,0.329319,0.0,0.0,
HR_R_4,SAMN63091608,HR,rice,MGI,OneMore,E250076708,1.0,2024-12,29.35615,112.625101,122745274,17219092042,0.005248,3925,0,,,,,24.07,0.0014,0.001952,0.717221,0.0,0.0,
HR_R_5,SAMN63091609,HR,rice,MGI,OneMore,E250076717,1.0,2024-12,29.35615,112.625101,27237192,3875031472,0.002002,311,0,,,,,64.37,0.0002,0.001085,0.184366,0.0,0.0,
HR_R_6,SAMN63091610,HR,rice,MGI,OneMore,E250076708,1.0,2024-12,29.35615,112.625101,135457240,19156177398,0.933477,10050557,1,Cotesia (Braconidae),Cotesia_flavipes,0.95539,panel assignment only,1060.48,0.5397,0.74985,0.719744,1.0,1.0,
HR_R_7,SAMN63091611,HR,rice,MGI,OneMore,E250076708,1.0,2024-12,29.35615,112.625101,114427002,16479405356,0.005177,2424,0,,,,,8.54,0.0002,0.000434,0.460922,0.0,0.0,
HR_R_8,SAMN63091612,HR,rice,MGI,OneMore,E250076708,1.0,2024-12,29.35615,112.625101,133288746,19046972440,0.003437,1964,0,,,,,26.25,0.0006,0.001627,0.368826,0.0,0.0,
HR_R_9,SAMN63091613,HR,rice,MGI,OneMore,E250076708,1.0,2024-12,29.35615,112.625101,127519076,18064307424,0.923143,7437334,1,Cotesia (Braconidae),Cotesia_flavipes,0.95321,panel assignment only,1300.19,0.4605,0.679194,0.67801,1.0,1.0,
HR_W_1,SAMN63091614,HR,wateroat,MGI,OneMore,E250076708,1.0,2024-12,29.356848,112.621989,115024846,16916125368,0.004697,1580,0,,,,,23.78,0.0005,0.000868,0.57617,0.0,0.0,
HR_W_10,SAMN63091615,HR,wateroat,MGI,OneMore,E250076708,1.0,2024-12,29.356848,112.621989,142751210,20247549918,0.326236,5944505,1,Cotesia (Braconidae),Cotesia_flavipes,0.9446,de novo confirmed Cotesia,403.81,0.4148,0.590564,0.702379,1.0,1.0,
HR_W_2,SAMN63091616,HR,wateroat,MGI,OneMore,E250076717,1.0,2024-12,29.356848,112.621989,36145910,5348483990,0.003138,511,0,,,,,30.7,0.0002,0.000607,0.329705,0.0,0.0,
HR_W_3,SAMN63091617,HR,wateroat,MGI,OneMore,E250076717,1.0,2024-12,29.356848,112.621989,21998452,3250718016,0.002914,346,0,,,,,33.68,0.0002,0.000381,0.525529,0.0,0.0,
HR_W_4,SAMN63091618,HR,wateroat,MGI,OneMore,E250076717,1.0,2024-12,29.356848,112.621989,34277782,5031130642,0.930969,2444621,1,Cotesia (Braconidae),Cotesia_flavipes,0.75581,panel assignment only,1878.6,0.3026,0.41457,0.729914,1.0,1.0,
HR_W_5,SAMN63091619,HR,wateroat,MGI,OneMore,E250076717,1.0,2024-12,29.356848,112.621989,43427436,6468108382,0.001447,267,0,,,,,81.3,0.0003,0.001627,0.184415,0.0,0.0,
HR_W_6,SAMN63091620,HR,wateroat,MGI,OneMore,E250076708,1.0,2024-12,29.356848,112.621989,135870278,19532664534,0.005939,3730,0,,,,,23.88,0.0009,0.001627,0.553326,0.0,0.0,
HR_W_7,SAMN63091621,HR,wateroat,MGI,OneMore,E250076717,1.0,2024-12,29.356848,112.621989,17347298,2581983034,0.001527,157,0,,,,,58.34,0.0003,0.000651,0.460851,0.0,0.0,
HR_W_8,SAMN63091622,HR,wateroat,MGI,OneMore,E250076708,1.0,2024-12,29.356848,112.621989,165645500,23448464862,0.002011,21824,0,,,,,2.95,0.0011,0.003042,0.361614,0.0,0.0,
HR_W_9,SAMN63091623,HR,wateroat,MGI,OneMore,E250076708,1.0,2024-12,29.356848,112.621989,147304356,21188649438,0.007067,128545,0,,,,,13.74,0.0199,0.02676,0.743651,0.0,0.0,
HZ_R_1,SAMN63091624,HZ,rice,Illumina,Majorbio,223FLNLT4,3.0,2024-03-16,30.366478,119.963735,60296768,9083405387,0.001925,534,0,,,,,14.42,0.0002,0.000485,0.412113,0.0,0.0,
HZ_R_10,SAMN63091625,HZ,rice,Illumina,Majorbio,223FLNLT4,3.0,2024-03-16,30.366478,119.963735,71193836,10717213202,0.802841,875810,1,Cotesia (Braconidae),Cotesia_flavipes,0.97412,de novo confirmed Cotesia,1147.69,0.0889,0.127059,0.699675,1.0,1.0,
HZ_R_2,SAMN63091626,HZ,rice,Illumina,Majorbio,223FLNLT4,3.0,2024-03-16,30.366478,119.963735,63707070,9593314014,0.003268,1846,0,,,,,12.39,0.0001,0.000759,0.131687,0.0,0.0,
HZ_R_3,SAMN63091627,HZ,rice,Illumina,Majorbio,223FLNLT4,3.0,2024-03-16,30.366478,119.963735,59439790,8954747215,0.000615,108,0,,,,,22.78,0.0001,0.000434,0.230394,0.0,0.0,
HZ_R_4,SAMN63091628,HZ,rice,Illumina,Majorbio,223FLNLT4,3.0,2024-03-16,30.366478,119.963735,69552420,10474724245,0.758924,1053732,1,Cotesia (Braconidae),Cotesia_flavipes,0.97636,panel assignment only,2039.68,0.1971,0.264625,0.744828,1.0,1.0,
HZ_R_5,SAMN63091629,HZ,rice,Illumina,Majorbio,223FLNLT4,3.0,2024-03-16,30.366478,119.963735,63497722,9565514839,0.844514,1215298,1,Cotesia (Braconidae),Cotesia_flavipes,0.97406,panel assignment only,9989.23,0.6264,0.789907,0.793005,1.0,1.0,
HZ_R_6,SAMN63091630,HZ,rice,Illumina,Majorbio,223FLNLT4,3.0,2024-03-16,30.366478,119.963735,69849206,10512288359,0.010906,2276,0,,,,,0.0,0.0,,,0.0,0.0,no Wolbachia reads; coverage uniformity undefined
HZ_R_7,SAMN63091631,HZ,rice,Illumina,Majorbio,223FLNLT4,3.0,2024-03-16,30.366478,119.963735,64229178,9672479830,0.000754,158,0,,,,,57.28,0.0003,0.001301,0.230505,0.0,0.0,
HZ_R_8,SAMN63091632,HZ,rice,Illumina,Majorbio,223FLNLT4,3.0,2024-03-16,30.366478,119.963735,68070756,10255963695,0.00075,163,0,,,,,18.41,0.0003,0.000485,0.618202,0.0,0.0,
HZ_R_9,SAMN63091633,HZ,rice,Illumina,Majorbio,223FLNLT4,3.0,2024-03-16,30.366478,119.963735,64521422,9719139313,0.019993,3549,0,,,,,50.7,0.0003,0.001092,0.274811,0.0,0.0,
NC2025_R_1,SAMN63091634,NC2025,rice,MGI,OneMore,E250076708,1.0,2024-12,28.536,115.9534,129866720,19136524318,0.951295,16723744,1,Cotesia (Braconidae),Cotesia_flavipes,0.96167,de novo confirmed Cotesia,2312.8,0.8392,0.987881,0.849495,1.0,1.0,
NC2025_R_10,SAMN63091635,NC2025,rice,MGI,OneMore,E250076708,1.0,2024-12,28.536,115.9534,165967858,24461412998,0.002541,2266,0,,,,,51.58,0.0014,0.005567,0.251499,0.0,0.0,
NC2025_R_2,SAMN63091636,NC2025,rice,MGI,OneMore,E250076708,1.0,2024-12,28.536,115.9534,137760122,20320304246,0.005716,2485,0,,,,,32.2,0.0007,0.001518,0.461049,0.0,0.0,
NC2025_R_3,SAMN63091637,NC2025,rice,MGI,OneMore,E250076708,1.0,2024-12,28.536,115.9534,144217518,21221296762,0.283018,214180,1,Cotesia (Braconidae),Cotesia_flavipes,0.98742,"de novo attempted, unresolvable",363.39,0.0239,0.029407,0.812739,0.0,1.0,reclassified positive on coverage uniformity (expected breadth below threshold)
NC2025_R_4,SAMN63091638,NC2025,rice,MGI,OneMore,E250076708,1.0,2024-12,28.536,115.9534,164862550,24288395852,0.00524,2904,0,,,,,32.48,0.0009,0.001712,0.525786,0.0,0.0,
NC2025_R_5,SAMN63091639,NC2025,rice,MGI,OneMore,E250076708,1.0,2024-12,28.536,115.9534,141193952,20813042388,0.006353,2992,0,,,,,48.84,0.0018,0.002493,0.721946,0.0,0.0,
NC2025_R_6,SAMN63091640,NC2025,rice,MGI,OneMore,E250076708,1.0,2024-12,28.536,115.9534,152532064,22496437614,0.945709,18116764,1,Cotesia (Braconidae),Cotesia_flavipes,0.96363,de novo confirmed Cotesia,11364.83,0.8883,1.0,0.8883,1.0,1.0,
NC2025_R_7,SAMN63091641,NC2025,rice,MGI,OneMore,E250076708,1.0,2024-12,28.536,115.9534,115015040,16944012366,0.004189,1572,0,,,,,29.31,0.0006,0.001046,0.573499,0.0,0.0,
NC2025_R_8,SAMN63091642,NC2025,rice,MGI,OneMore,E250076708,1.0,2024-12,28.536,115.9534,148087358,21848688754,0.005565,2731,0,,,,,22.41,0.0005,0.001334,0.374844,0.0,0.0,
NC2025_R_9,SAMN63091643,NC2025,rice,MGI,OneMore,E250076708,1.0,2024-12,28.536,115.9534,163888270,24109752894,0.0027,1524,0,,,,,24.81,0.0006,0.001519,0.395089,0.0,0.0,
NL_R_1,SAMN63091644,NL,rice,MGI,OneMore,E250076708,1.0,2024-12,31.150469,118.3989,153285348,22617553910,0.002362,1130,0,,,,,8.36,0.0004,0.000434,0.921505,0.0,0.0,
NL_R_10,SAMN63091645,NL,rice,MGI,OneMore,E250076708,1.0,2024-12,31.150469,118.3989,136512790,20181019838,0.004105,1860,0,,,,,33.11,0.0005,0.001627,0.307339,0.0,0.0,
NL_R_11,SAMN63091646,NL,rice,MGI,OneMore,E250076708,1.0,2024-12,31.150469,118.3989,144078934,21186760358,0.002519,1335,0,,,,,22.64,0.0004,0.001301,0.307371,0.0,0.0,
NL_R_12,SAMN63091647,NL,rice,MGI,OneMore,E250076708,1.0,2024-12,31.150469,118.3989,114969676,16967622858,0.016284,6231,0,,,,,26.13,0.0005,0.001085,0.460989,0.0,0.0,
NL_R_13,SAMN63091648,NL,rice,MGI,OneMore,E250076708,1.0,2024-12,31.150469,118.3989,120505950,17835721844,0.003821,1623,0,,,,,14.12,0.0003,0.000571,0.52569,0.0,0.0,
NL_R_14,SAMN63091649,NL,rice,MGI,OneMore,E250076708,1.0,2024-12,31.150469,118.3989,124966250,18391691846,0.002769,1427,0,,,,,58.21,0.0007,0.003251,0.21533,0.0,0.0,
NL_R_15,SAMN63091650,NL,rice,MGI,OneMore,E250076708,1.0,2024-12,31.150469,118.3989,139173754,20514451540,0.011708,5692,0,,,,,37.02,0.001,0.001952,0.512413,0.0,0.0,
NL_R_2,SAMN63091651,NL,rice,MGI,OneMore,E250076708,1.0,2024-12,31.150469,118.3989,167137104,24590261972,0.00365,2181,0,,,,,25.11,0.0007,0.001627,0.43025,0.0,0.0,
NL_R_3,SAMN63091652,NL,rice,MGI,OneMore,E250076708,1.0,2024-12,31.150469,118.3989,174038808,25580311776,0.007573,4589,0,,,,,33.01,0.0009,0.001855,0.485208,0.0,0.0,
NL_R_4,SAMN63091653,NL,rice,MGI,OneMore,E250076708,1.0,2024-12,31.150469,118.3989,154344234,22699160294,0.841347,2996690,1,Cotesia (Braconidae),Cotesia_flavipes,0.95645,panel assignment only,646.03,0.1698,0.220999,0.768329,1.0,1.0,
NL_R_5,SAMN63091654,NL,rice,MGI,OneMore,E250076717,1.0,2024-12,31.150469,118.3989,70094360,10355159442,0.934378,8989375,1,Cotesia (Braconidae),Cotesia_flavipes,0.95939,panel assignment only,2322.91,0.7357,0.911572,0.807067,1.0,1.0,
NL_R_6,SAMN63091655,NL,rice,MGI,OneMore,E250076708,1.0,2024-12,31.150469,118.3989,158717744,23343908052,0.217661,161138,1,Cotesia (Braconidae),Cotesia_flavipes,0.94898,"de novo attempted, unresolvable",499.79,0.0303,0.039363,0.769758,0.0,1.0,reclassified positive on coverage uniformity (expected breadth below threshold)
NL_R_7,SAMN63091656,NL,rice,MGI,OneMore,E250076708,1.0,2024-12,31.150469,118.3989,161752132,23800165858,0.021534,12914,0,,,,,55.03,0.0022,0.003136,0.70157,0.0,0.0,
NL_R_8,SAMN63091657,NL,rice,MGI,OneMore,E250076708,1.0,2024-12,31.150469,118.3989,165680262,24391676592,0.006094,3955,0,,,,,41.6,0.0012,0.003271,0.366821,0.0,0.0,
NL_R_9,SAMN63091658,NL,rice,MGI,OneMore,E250076708,1.0,2024-12,31.150469,118.3989,181820300,26812493956,0.943389,12474432,1,Cotesia (Braconidae),Cotesia_flavipes,0.95042,panel assignment only,465.1,0.4183,0.525916,0.795374,1.0,1.0,
NL_W_1,SAMN63091659,NL,wateroat,MGI,OneMore,E250076708,1.0,2024-12,31.1458,118.39672,139074102,20482308558,0.003689,1955,0,,,,,37.74,0.0012,0.002424,0.494999,0.0,0.0,
NL_W_10,SAMN63091660,NL,wateroat,MGI,OneMore,E250076708,1.0,2024-12,31.1458,118.39672,140713930,20702536964,0.006543,3291,0,,,,,31.81,0.0006,0.001521,0.394365,0.0,0.0,
NL_W_11,SAMN63091661,NL,wateroat,MGI,OneMore,E250076708,1.0,2024-12,31.1458,118.39672,168516830,24839975376,0.002869,2025,0,,,,,28.34,0.001,0.002169,0.461109,0.0,0.0,
NL_W_12,SAMN63091662,NL,wateroat,MGI,OneMore,E250076708,1.0,2024-12,31.1458,118.39672,138805048,20500150794,0.003499,2132,0,,,,,47.6,0.0016,0.003143,0.509093,0.0,0.0,
NL_W_13,SAMN63091663,NL,wateroat,MGI,OneMore,E250076708,1.0,2024-12,31.1458,118.39672,160392390,23613377498,0.00385,2127,0,,,,,19.91,0.0004,0.001046,0.382312,0.0,0.0,
NL_W_14,SAMN63091664,NL,wateroat,MGI,OneMore,E250076708,1.0,2024-12,31.1458,118.39672,118458166,17488013456,0.760138,1335595,1,Cotesia (Braconidae),Cotesia_flavipes,0.94604,panel assignment only,941.35,0.1518,0.181867,0.834678,1.0,1.0,
NL_W_15,SAMN63091665,NL,wateroat,MGI,OneMore,E250076708,1.0,2024-12,31.1458,118.39672,155404586,22911701456,0.003731,2164,0,,,,,13.79,0.0003,0.00097,0.309207,0.0,0.0,
NL_W_2,SAMN63091666,NL,wateroat,MGI,OneMore,E250076708,1.0,2024-12,31.1458,118.39672,127072780,18626539310,0.001993,3179,0,,,,,8.15,0.0006,0.001577,0.380516,0.0,0.0,
NL_W_3,SAMN63091667,NL,wateroat,MGI,OneMore,E250076708,1.0,2024-12,31.1458,118.39672,148527718,21885141296,0.00206,8128,0,,,,,2.03,0.0005,0.000869,0.575413,0.0,0.0,
NL_W_4,SAMN63091668,NL,wateroat,MGI,OneMore,E250076708,1.0,2024-12,31.1458,118.39672,134453904,19843282122,0.001907,8679,0,,,,,3.3,0.0006,0.001821,0.329421,0.0,0.0,
NL_W_5,SAMN63091669,NL,wateroat,MGI,OneMore,E250076708,1.0,2024-12,31.1458,118.39672,155155588,22885447890,0.003576,2087,0,,,,,37.7,0.0009,0.002385,0.377366,0.0,0.0,
NL_W_6,SAMN63091670,NL,wateroat,MGI,OneMore,E250076708,1.0,2024-12,31.1458,118.39672,154414382,22748631352,0.002845,2758,0,,,,,61.9,0.0016,0.006491,0.246496,0.0,0.0,
NL_W_7,SAMN63091671,NL,wateroat,MGI,OneMore,E250076717,1.0,2024-12,31.1458,118.39672,38347548,5672853066,0.001209,225,0,,,,,42.99,0.0002,0.000868,0.230426,0.0,0.0,
NL_W_8,SAMN63091672,NL,wateroat,MGI,OneMore,E250076708,1.0,2024-12,31.1458,118.39672,153721016,22652691392,0.003556,2528,0,,,,,36.58,0.001,0.003151,0.31738,0.0,0.0,
NL_W_9,SAMN63091673,NL,wateroat,MGI,OneMore,E250076708,1.0,2024-12,31.1458,118.39672,158749214,23424146194,0.003316,2054,0,,,,,51.66,0.0023,0.003467,0.66341,0.0,0.0,
PYH_R_1,SAMN63091674,PYH,rice,Illumina,Majorbio,222YMKLT4,8.0,2023-03-26,28.754552,116.154874,54231386,8169029621,0.000601,85,0,,,,,21.2,0.0002,0.000326,0.614212,0.0,0.0,
PYH_R_10,SAMN63091675,PYH,rice,Illumina,Majorbio,222YMKLT4,8.0,2023-03-26,28.754552,116.154874,60724468,9142352302,0.423869,917023,1,Cotesia (Braconidae),Cotesia_flavipes,0.53311,de novo confirmed Cotesia,7914.64,0.6983,0.844088,0.827284,1.0,1.0,
PYH_R_2,SAMN63091676,PYH,rice,Illumina,Majorbio,222YMKLT4,8.0,2023-03-26,28.754552,116.154874,60556210,9122290946,0.000877,159,0,,,,,71.71,0.0005,0.00141,0.354632,0.0,0.0,
PYH_R_3,SAMN63091677,PYH,rice,Illumina,Majorbio,222YMKLT4,8.0,2023-03-26,28.754552,116.154874,58246336,8770454282,0.259054,351678,1,Braconidae non-Cotesia,Cotesia_ruficrus,0.61239,de novo REFUTED (not Cotesia),7.37,0.0003,0.001213,0.24722,0.0,0.0,"parasitoid-positive (non-Cotesia braconid), Wolbachia-negative"
PYH_R_4,SAMN63091678,PYH,rice,Illumina,Majorbio,222YMKLT4,8.0,2023-03-26,28.754552,116.154874,54640100,8227888200,0.000468,63,0,,,,,0.0,0.0,,,0.0,0.0,no Wolbachia reads; coverage uniformity undefined
PYH_R_5,SAMN63091679,PYH,rice,Illumina,Majorbio,222YMKLT4,8.0,2023-03-26,28.754552,116.154874,60147724,9059631204,0.000846,132,0,,,,,12.82,0.0002,0.000217,0.9211,0.0,0.0,
PYH_R_6,SAMN63091680,PYH,rice,Illumina,Majorbio,222YMKLT4,8.0,2023-03-26,28.754552,116.154874,59298056,8932687343,0.000702,141,0,,,,,9.96,0.0001,0.000186,0.53894,0.0,0.0,
PYH_R_7,SAMN63091681,PYH,rice,Illumina,Majorbio,222YMKLT4,8.0,2023-03-26,28.754552,116.154874,60304264,9084657689,0.000538,80,0,,,,,33.6,0.0002,0.000543,0.3686,0.0,0.0,
PYH_R_8,SAMN63091682,PYH,rice,Illumina,Majorbio,222YMKLT4,8.0,2023-03-26,28.754552,116.154874,56049620,8444529076,0.000522,74,0,,,,,21.18,0.0002,0.000285,0.700655,0.0,0.0,
PYH_R_9,SAMN63091683,PYH,rice,Illumina,Majorbio,222YMKLT4,8.0,2023-03-26,28.754552,116.154874,62671236,9439255243,0.00052,96,0,,,,,37.91,0.0002,0.00076,0.263312,0.0,0.0,
PYH_W_1,SAMN63091684,PYH,wateroat,Illumina,Majorbio,222NG2LT4,8.0,2023-03-26,29.118703,116.687246,56683750,8537594699,0.000654,98,0,,,,,13.35,0.0001,0.000217,0.460803,0.0,0.0,
PYH_W_10,SAMN63091685,PYH,wateroat,Illumina,Majorbio,222YMKLT4,8.0,2023-03-26,29.118703,116.687246,61535130,9250322311,0.000543,80,0,,,,,0.0,0.0,,,0.0,0.0,no Wolbachia reads; coverage uniformity undefined
PYH_W_2,SAMN63091686,PYH,wateroat,Illumina,Majorbio,222YMKLT4,8.0,2023-03-26,29.118703,116.687246,57453774,8655293956,0.000675,93,0,,,,,14.51,0.0001,0.000217,0.460867,0.0,0.0,
PYH_W_3,SAMN63091687,PYH,wateroat,Illumina,Majorbio,222YMKLT4,8.0,2023-03-26,29.118703,116.687246,60156110,9025370531,0.008029,447914,1,Ichneumonidae (panel-outside),,,,0.29,0.0001,0.001754,0.057003,0.0,0.0,
PYH_W_4,SAMN63091688,PYH,wateroat,Illumina,Majorbio,222YMKLT4,8.0,2023-03-26,29.118703,116.687246,69068516,10340300858,0.00064,129,0,,,,,9.92,0.0001,0.000217,0.460656,0.0,0.0,
PYH_W_5,SAMN63091689,PYH,wateroat,Illumina,Majorbio,222YMKLT4,8.0,2023-03-26,29.118703,116.687246,54906880,8252826803,0.000677,88,0,,,,,0.0,0.0,,,0.0,0.0,no Wolbachia reads; coverage uniformity undefined
PYH_W_6,SAMN63091690,PYH,wateroat,Illumina,Majorbio,222NG2LT4,8.0,2023-03-26,29.118703,116.687246,56884050,8559842367,0.000549,84,0,,,,,0.0,0.0,,,0.0,0.0,no Wolbachia reads; coverage uniformity undefined
PYH_W_7,SAMN63091691,PYH,wateroat,Illumina,Majorbio,222YMKLT4,8.0,2023-03-26,29.118703,116.687246,71935692,10688716153,0.007378,15525,1,Ichneumonidae (panel-outside),,,,0.48,0.0001,0.00011,0.912285,0.0,0.0,
PYH_W_8,SAMN63091692,PYH,wateroat,Illumina,Majorbio,222YMKLT4,8.0,2023-03-26,29.118703,116.687246,55348916,8338001940,0.00055,72,0,,,,,0.0,0.0,,,0.0,0.0,no Wolbachia reads; coverage uniformity undefined
PYH_W_9,SAMN63091693,PYH,wateroat,Illumina,Majorbio,222YMKLT4,8.0,2023-03-26,29.118703,116.687246,60483832,9081074673,0.000454,77,0,,,,,11.8,0.0002,0.000217,0.921744,0.0,0.0,
WH_R_1,SAMN63091694,WH,rice,Illumina,Majorbio,223FLNLT4,3.0,2024-03-29,30.475057,114.365844,62542796,9419852068,0.000979,202,0,,,,,0.0,0.0,,,0.0,0.0,no Wolbachia reads; coverage uniformity undefined
WH_R_10,SAMN63091695,WH,rice,Illumina,Majorbio,223FLNLT4,3.0,2024-03-29,30.475057,114.365844,55611454,8380781047,0.000955,124,0,,,,,38.5,0.0002,0.000543,0.368647,0.0,0.0,
WH_R_2,SAMN63091696,WH,rice,Illumina,Majorbio,223FLNLT4,3.0,2024-03-29,30.475057,114.365844,57775858,8705563566,0.000684,144,0,,,,,95.07,0.0004,0.002424,0.16499,0.0,0.0,
WH_R_3,SAMN63091697,WH,rice,Illumina,Majorbio,223FLNLT4,3.0,2024-03-29,30.475057,114.365844,55999052,8438863293,0.00072,105,0,,,,,54.89,0.0003,0.00097,0.309138,0.0,0.0,
WH_R_4,SAMN63091698,WH,rice,Illumina,Majorbio,223FLNLT4,3.0,2024-03-29,30.475057,114.365844,66234772,9978176493,0.000634,127,0,,,,,4.99,0.0001,0.000121,0.824297,0.0,0.0,
WH_R_5,SAMN63091699,WH,rice,Illumina,Majorbio,22GJJLLT3,4.0,2024-03-29,30.475057,114.365844,57131090,8609022321,0.000736,123,0,,,,,17.96,0.0001,0.000326,0.307098,0.0,0.0,
WH_R_6,SAMN63091700,WH,rice,Illumina,Majorbio,22GJJLLT3,4.0,2024-03-29,30.475057,114.365844,58597174,8830616485,0.001076,206,0,,,,,83.54,0.0005,0.001735,0.28818,0.0,0.0,
WH_R_7,SAMN63091701,WH,rice,Illumina,Majorbio,223FLNLT4,3.0,2024-03-29,30.475057,114.365844,61594806,9280734735,0.000996,582,0,,,,,112.95,0.0014,0.007978,0.175485,0.0,0.0,
WH_R_8,SAMN63091702,WH,rice,Illumina,Majorbio,223FLNLT4,3.0,2024-03-29,30.475057,114.365844,54251222,8175104082,0.001135,182,0,,,,,12.47,0.0001,0.000217,0.46085,0.0,0.0,
WH_R_9,SAMN63091703,WH,rice,Illumina,Majorbio,223FLNLT4,3.0,2024-03-29,30.475057,114.365844,54803804,8259390303,0.001202,186,0,,,,,0.0,0.0,,,0.0,0.0,no Wolbachia reads; coverage uniformity undefined
WH_W_1,SAMN63091704,WH,wateroat,Illumina,Majorbio,223FLNLT4,3.0,2024-03-29,30.435988,114.316438,65456418,9852928348,0.008076,45601,1,Ichneumonidae (panel-outside),,,,0.18,0.0001,0.00011,0.906621,0.0,0.0,
WH_W_10,SAMN63091705,WH,wateroat,Illumina,Majorbio,223FLNLT4,3.0,2024-03-29,30.435988,114.316438,67027234,10055674555,0.008246,524713,1,Ichneumonidae (panel-outside),,,,0.3,0.0002,0.00207,0.096623,0.0,0.0,
WH_W_2,SAMN63091706,WH,wateroat,Illumina,Majorbio,22GJJLLT3,4.0,2024-03-29,30.435988,114.316438,56564818,8521879337,0.000696,111,0,,,,,0.0,0.0,,,0.0,0.0,no Wolbachia reads; coverage uniformity undefined
WH_W_3,SAMN63091707,WH,wateroat,Illumina,Majorbio,223FLNLT4,3.0,2024-03-29,30.435988,114.316438,62346422,9387025077,0.008118,28562,1,Ichneumonidae (panel-outside),,,,0.0,0.0,,,0.0,0.0,no Wolbachia reads; coverage uniformity undefined
WH_W_4,SAMN63091708,WH,wateroat,Illumina,Majorbio,223FLNLT4,3.0,2024-03-29,30.435988,114.316438,61851892,9313885212,0.00055,89,0,,,,,6.18,0.0001,0.000121,0.824703,0.0,0.0,
WH_W_5,SAMN63091709,WH,wateroat,Illumina,Majorbio,223FLNLT4,3.0,2024-03-29,30.435988,114.316438,62945272,9482282111,0.000747,136,0,,,,,43.94,0.0004,0.00097,0.412187,0.0,0.0,
WH_W_6,SAMN63091710,WH,wateroat,Illumina,Majorbio,223FLNLT4,3.0,2024-03-29,30.435988,114.316438,77705698,11657662712,0.008505,621503,1,Ichneumonidae (panel-outside),,,,0.42,0.0004,0.003326,0.120276,0.0,0.0,
WH_W_7,SAMN63091711,WH,wateroat,Illumina,Majorbio,223FLNLT4,3.0,2024-03-29,30.435988,114.316438,81539526,12205315841,0.008359,655528,1,Ichneumonidae (panel-outside),,,,0.19,0.0002,0.001616,0.123774,0.0,0.0,
WH_W_8,SAMN63091712,WH,wateroat,Illumina,Majorbio,223FLNLT4,3.0,2024-03-29,30.435988,114.316438,70912726,10650091886,0.008241,526194,1,Ichneumonidae (panel-outside),,,,0.47,0.0007,0.003635,0.192556,0.0,0.0,
WH_W_9,SAMN63091713,WH,wateroat,Illumina,Majorbio,223FLNLT4,3.0,2024-03-29,30.435988,114.316438,70611220,10631154261,0.000424,73,0,,,,,5.81,0.0001,0.000121,0.824054,0.0,0.0,
