sample,arm,wolbachia_positive,nonhost_reads,mapped_primary,ambiguous_mapq0,ambiguous_fraction,uniq_reads_wCchiA,uniq_reads_wCchiB,wCchiB_read_share,breadth_wCchiA,breadth_wCchiB,depth_wCchiA_covered,depth_wCchiB_covered,windows_wCchiA,windows_wCchiB,window_fraction_wCchiA,window_fraction_wCchiB,strain_call,wsp_reads_A,wsp_reads_B,wsp_breadth_A,wsp_breadth_B,wsp_depth_A,wsp_depth_B,wsp_nonN_A,wsp_nonN_B,wsp_both_alleles
AQ_R_12,lab,True,5580794,28225,3973,0.1408,12685,11237,0.4697,0.646323,0.582016,2.13,2.07,134,139,0.9781,1.0,A+B,13.0,6.0,1.0,0.7047,2.77,2.09,402.0,237.0,1.0
AQ_R_13,lab,True,1154216,6237,972,0.1558,2759,2401,0.4653,0.209025,0.184167,1.41,1.38,133,137,0.9708,0.9856,A+B,0.0,0.0,0.0,0.0,0.0,0.0,0.0,0.0,
AQ_R_2,lab,True,763479,1770,309,0.1746,447,981,0.687,0.038391,0.081473,1.25,1.29,109,133,0.7956,0.9568,B only,0.0,0.0,0.0,0.0,0.0,0.0,0.0,0.0,
AQ_R_6,lab,True,4909455,9991,1754,0.1756,2275,5849,0.72,0.183338,0.382459,1.34,1.63,134,139,0.9781,1.0,A+B,0.0,5.0,0.0,0.5181,0.0,1.84,0.0,170.0,0.0
AQ_R_8,lab,True,12340807,97856,11347,0.116,64858,20614,0.2412,0.912416,0.729357,7.64,3.0,135,139,0.9854,1.0,A+B,38.0,8.0,1.0,0.9928,8.44,2.02,576.0,311.0,1.0
AQ_R_9,lab,True,5394854,73677,7336,0.0996,56280,9311,0.142,0.909316,0.524826,6.69,1.89,135,139,0.9854,1.0,A+B,29.0,5.0,1.0,0.7627,7.08,1.48,561.0,147.0,1.0
AQ_W_1,lab,True,1789661,2678,345,0.1288,1296,1003,0.4363,0.110914,0.084082,1.27,1.27,133,135,0.9708,0.9712,A+B,0.0,0.0,0.0,0.0,0.0,0.0,0.0,0.0,
CD_R_10,lab,True,9945316,43982,7563,0.172,12687,22983,0.6443,0.595462,0.720726,2.18,3.23,134,139,0.9781,1.0,A+B,11.0,9.0,0.8889,0.7717,3.19,2.69,425.0,277.0,1.0
CD_R_2,lab,True,3741646,16476,2813,0.1707,6668,6706,0.5014,0.394151,0.385723,1.77,1.8,135,139,0.9854,1.0,A+B,2.0,6.0,0.3872,0.9656,1.35,1.62,77.0,244.0,1.0
CD_R_3,lab,True,5013925,53177,8355,0.1571,25198,18795,0.4272,0.784864,0.665156,3.3,2.85,135,139,0.9854,1.0,A+B,8.0,8.0,0.7812,0.8297,1.9,2.18,334.0,274.0,1.0
CD_R_5,lab,True,5714947,31919,5598,0.1754,10455,15381,0.5953,0.513843,0.612061,2.07,2.54,135,139,0.9854,1.0,A+B,3.0,13.0,0.3316,0.9221,1.48,2.51,83.0,282.0,1.0
CD_R_6,lab,True,3638636,14337,2603,0.1816,5415,6086,0.5292,0.349925,0.36731,1.65,1.74,133,139,0.9708,1.0,A+B,6.0,2.0,0.934,0.4674,1.52,1.16,152.0,42.0,1.0
CD_R_8,lab,True,5931855,42282,6236,0.1475,22730,12711,0.3587,0.755092,0.570819,3.17,2.31,135,139,0.9854,1.0,A+B,24.0,4.0,1.0,0.6467,5.8,1.22,576.0,79.0,1.0
CD_W_1,lab,True,4308855,36512,4152,0.1137,26306,5594,0.1754,0.804862,0.358918,3.49,1.65,135,138,0.9854,0.9928,A+B,23.0,4.0,0.9983,0.8333,4.38,1.23,510.0,106.0,1.0
HC_W_9,lab,True,8959931,4235,399,0.0942,2705,287,0.0959,0.139251,0.007581,1.95,3.14,125,47,0.9124,0.3381,A only,4.0,0.0,0.2066,0.0,3.61,0.0,119.0,0.0,0.0
HH_R_7,lab,True,937600,5593,404,0.0722,5150,0,0.0,0.341551,0.0,1.67,0.0,134,0,0.9781,0.0,A only,4.0,0.0,0.6302,0.0,1.42,0.0,151.0,0.0,0.0
HR_R_2,lab,True,4039889,13401,2446,0.1825,4237,6489,0.605,0.253865,0.350785,1.7,1.87,133,139,0.9708,1.0,A+B,8.0,4.0,0.5382,0.5199,3.15,1.62,221.0,156.0,1.0
HR_R_6,lab,True,5383398,21000,3834,0.1826,7248,9594,0.5696,0.380351,0.449622,1.91,2.13,134,139,0.9781,1.0,A+B,12.0,6.0,0.7205,0.5833,4.13,1.98,372.0,278.0,1.0
HR_R_9,lab,True,4028268,16574,2901,0.175,6429,6988,0.5208,0.35568,0.363232,1.82,1.91,134,139,0.9781,1.0,A+B,4.0,3.0,0.5938,0.4221,1.75,1.36,152.0,83.0,1.0
HR_W_10,lab,True,9110743,13586,2343,0.1725,4919,6082,0.5529,0.281994,0.334724,1.76,1.82,135,139,0.9854,1.0,A+B,0.0,2.0,0.0,0.3714,0.0,1.46,0.0,95.0,0.0
HR_W_4,lab,True,1312945,6845,1123,0.1641,3189,2414,0.4308,0.231167,0.177425,1.47,1.43,133,137,0.9708,0.9856,A+B,0.0,2.0,0.0,0.5435,0.0,1.0,0.0,0.0,0.0
HZ_R_10,lab,True,545444,1489,128,0.086,1327,18,0.0134,0.09139,0.001405,1.59,1.4,130,7,0.9489,0.0504,A only,0.0,0.0,0.0,0.0,0.0,0.0,0.0,0.0,
HZ_R_4,lab,True,694228,3410,274,0.0804,3114,5,0.0016,0.20822,0.000384,1.65,1.16,134,3,0.9781,0.0216,A only,0.0,0.0,0.0,0.0,0.0,0.0,0.0,0.0,
HZ_R_5,lab,True,719525,16832,1293,0.0768,15325,30,0.002,0.655986,0.002353,2.58,1.36,135,14,0.9854,0.1007,A only,8.0,0.0,0.849,0.0,2.0,0.0,310.0,0.0,0.0
NC2025_R_1,lab,True,8789984,58172,8245,0.1417,28689,20531,0.4171,0.847723,0.729679,3.64,2.99,135,139,0.9854,1.0,A+B,15.0,12.0,0.967,0.9384,2.96,3.26,392.0,518.0,1.0
NC2025_R_3,lab,True,378386,316,30,0.0949,240,35,0.1273,0.020433,0.002986,1.27,1.24,86,18,0.6277,0.1295,neither,,,,,,,,,
NC2025_R_6,lab,True,9578406,286417,34214,0.1195,185786,63427,0.2545,0.921752,0.845989,21.64,7.93,137,139,1.0,1.0,A+B,90.0,22.0,1.0,1.0,19.8,5.07,576.0,532.0,1.0
NL_R_4,lab,True,1780889,3332,493,0.148,1416,1381,0.4937,0.115512,0.113657,1.32,1.29,133,137,0.9708,0.9856,A+B,0.0,2.0,0.0,0.3261,0.0,1.11,0.0,19.0,0.0
NL_R_5,lab,True,4810350,32958,4738,0.1438,14064,13748,0.4943,0.671389,0.634603,2.26,2.32,134,139,0.9781,1.0,A+B,9.0,8.0,0.9514,0.8804,1.84,1.9,303.0,319.0,1.0
NL_R_6,lab,True,370159,516,74,0.1434,266,169,0.3885,0.022389,0.013818,1.26,1.26,89,67,0.6496,0.482,neither,,,,,,,,,
NL_R_9,lab,True,6611499,9131,1922,0.2105,24,7049,0.9966,0.001661,0.426627,1.43,1.76,9,139,0.0657,1.0,B only,0.0,4.0,0.0,0.5344,0.0,1.84,0.0,247.0,0.0
NL_W_14,lab,True,878521,2683,508,0.1893,540,1598,0.7474,0.047114,0.130748,1.24,1.3,116,136,0.8467,0.9784,B only,0.0,0.0,0.0,0.0,0.0,0.0,0.0,0.0,
PYH_R_10,lab,True,1081729,20556,1691,0.0823,17428,1250,0.0669,0.71334,0.100816,2.7,1.35,135,135,0.9854,0.9712,A+B,1.0,0.0,0.2622,0.0,1.0,0.0,0.0,0.0,0.0
PYH_R_3,lab,False,678773,3,2,0.6667,0,0,-1.0,0.0,0.0,0.0,0.0,0,0,0.0,0.0,neither,,,,,,,,,
AQ_R_3,lab,False,296605,158,17,0.1076,124,6,0.0462,0.011522,0.000498,1.15,1.16,49,3,0.3577,0.0216,neither,,,,,,,,,
SAMN10449037,public,False,346222,219,81,0.3699,10,0,0.0,0.000198,0.0,3.06,0.0,3,0,0.0219,0.0,neither,,,,,,,,,
SAMN37207899,public,False,2087731,461,252,0.5466,4,32,0.8889,0.000115,0.000386,1.92,4.53,1,2,0.0073,0.0144,neither,,,,,,,,,
SAMN37207901,public,False,2181876,471,301,0.6391,0,22,1.0,0.0,0.000331,0.0,3.85,0,1,0.0,0.0072,neither,,,,,,,,,
SAMN37207903,public,False,1923413,447,247,0.5526,1,31,0.9688,6.6e-05,0.000401,1.0,4.42,1,2,0.0073,0.0144,neither,,,,,,,,,
SAMN37207917,public,False,4378964,890,481,0.5404,2,50,0.9615,0.000123,0.000328,1.76,9.97,1,2,0.0073,0.0144,neither,,,,,,,,,
