query,target,pident,length,bitscore
NODE_12_length_17695_cov_9.432853_RagTag_10,NC_002978.6_RagTag_153,100.0,446,854.0
NODE_12_length_17695_cov_9.432853_RagTag_11,NC_002978.6_RagTag_154,100.0,209,407.0
NODE_12_length_17695_cov_9.432853_RagTag_12,NC_002978.6_RagTag_155,100.0,426,826.0
NODE_12_length_17695_cov_9.432853_RagTag_13,NC_002978.6_RagTag_156,100.0,818,1578.0
NODE_12_length_17695_cov_9.432853_RagTag_14,NC_002978.6_RagTag_157,100.0,432,793.0
NODE_12_length_17695_cov_9.432853_RagTag_15,NC_002978.6_RagTag_158,100.0,417,796.0
NODE_12_length_17695_cov_9.432853_RagTag_2,NC_002978.6_RagTag_145,100.0,66,134.0
NODE_12_length_17695_cov_9.432853_RagTag_3,NC_002978.6_RagTag_146,100.0,102,196.0
NODE_12_length_17695_cov_9.432853_RagTag_4,NC_002978.6_RagTag_147,100.0,458,890.0
NODE_12_length_17695_cov_9.432853_RagTag_5,NC_002978.6_RagTag_148,100.0,131,245.0
NODE_12_length_17695_cov_9.432853_RagTag_6,NC_002978.6_RagTag_149,100.0,344,664.0
NODE_12_length_17695_cov_9.432853_RagTag_7,NC_002978.6_RagTag_150,100.0,310,619.0
NODE_12_length_17695_cov_9.432853_RagTag_9,NC_002978.6_RagTag_151,99.4,172,317.0
ptg000003l_RagTag_1,NC_002978.6_RagTag_523,100.0,135,270.0
ptg000003l_RagTag_10,NC_002978.6_RagTag_532,99.3,287,455.0
ptg000003l_RagTag_11,NC_002978.6_RagTag_533,96.8,156,279.0
ptg000003l_RagTag_12,NC_002978.6_RagTag_35,96.3,404,795.0
ptg000003l_RagTag_13,NC_002978.6_RagTag_36,100.0,155,318.0
ptg000003l_RagTag_14,NC_002978.6_RagTag_543,63.3,371,481.0
ptg000003l_RagTag_15,NC_002978.6_RagTag_542,61.7,371,468.0
ptg000003l_RagTag_16,NC_002978.6_RagTag_37,51.4,329,320.0
ptg000003l_RagTag_2,NC_002978.6_RagTag_524,100.0,124,232.0
ptg000003l_RagTag_20,NC_002978.6_RagTag_541,74.7,198,297.0
ptg000003l_RagTag_21,NC_002978.6_RagTag_381,100.0,323,655.0
ptg000003l_RagTag_22,NC_002978.6_RagTag_70,63.5,115,130.0
ptg000003l_RagTag_23,NC_002978.6_RagTag_71,94.5,220,398.0
ptg000003l_RagTag_24,NC_002978.6_RagTag_72,88.2,304,508.0
ptg000003l_RagTag_25,NC_002978.6_RagTag_73,95.1,142,267.0
ptg000003l_RagTag_26,NC_002978.6_RagTag_131,75.2,153,214.0
ptg000003l_RagTag_29,NC_002978.6_RagTag_915,100.0,180,359.0
ptg000003l_RagTag_3,NC_002978.6_RagTag_525,100.0,349,655.0
ptg000003l_RagTag_30,NC_002978.6_RagTag_238,76.6,111,164.0
ptg000003l_RagTag_32,NC_002978.6_RagTag_910,89.7,58,104.0
ptg000003l_RagTag_33,NC_002978.6_RagTag_467,98.9,95,176.0
ptg000003l_RagTag_34,NC_002978.6_RagTag_46,100.0,146,300.0
ptg000003l_RagTag_35,NC_002978.6_RagTag_468,100.0,96,192.0
ptg000003l_RagTag_36,NC_002978.6_RagTag_469,99.0,105,220.0
ptg000003l_RagTag_39,NC_002978.6_RagTag_74,85.3,34,59.7
ptg000003l_RagTag_4,NC_002978.6_RagTag_526,97.9,474,928.0
ptg000003l_RagTag_40,NC_002978.6_RagTag_75,88.5,52,99.8
ptg000003l_RagTag_41,NC_002978.6_RagTag_75,51.8,228,186.0
ptg000003l_RagTag_42,NC_002978.6_RagTag_375,31.1,122,53.9
ptg000003l_RagTag_5,NC_002978.6_RagTag_1175,93.4,198,377.0
ptg000003l_RagTag_6,NC_002978.6_RagTag_31,89.3,75,132.0
ptg000003l_RagTag_7,NC_002978.6_RagTag_32,97.7,605,1216.0
ptg000003l_RagTag_8,NC_002978.6_RagTag_532,99.5,205,379.0
ptg000003l_RagTag_9,NC_002978.6_RagTag_46,100.0,146,300.0
